config,call,rel_call,frame,psnr,ssim,ssim_in,missing
ph_localrefresh,1,-29,0,99.000,,,0
ph_localrefresh,1,-29,1,99.000,,,0
ph_localrefresh,1,-29,2,99.000,,,0
ph_localrefresh,1,-29,3,99.000,,,0
ph_localrefresh,2,-28,0,99.000,,,0
ph_localrefresh,2,-28,1,99.000,,,0
ph_localrefresh,2,-28,2,99.000,,,0
ph_localrefresh,2,-28,3,99.000,,,0
ph_localrefresh,3,-27,0,99.000,,,0
ph_localrefresh,3,-27,1,99.000,,,0
ph_localrefresh,3,-27,2,99.000,,,0
ph_localrefresh,3,-27,3,99.000,,,0
ph_localrefresh,4,-26,0,99.000,,,0
ph_localrefresh,4,-26,1,99.000,,,0
ph_localrefresh,4,-26,2,99.000,,,0
ph_localrefresh,4,-26,3,99.000,,,0
ph_localrefresh,5,-25,0,99.000,,,0
ph_localrefresh,5,-25,1,99.000,,,0
ph_localrefresh,5,-25,2,99.000,,,0
ph_localrefresh,5,-25,3,99.000,,,0
ph_localrefresh,6,-24,0,99.000,,,0
ph_localrefresh,6,-24,1,99.000,,,0
ph_localrefresh,6,-24,2,99.000,,,0
ph_localrefresh,6,-24,3,99.000,,,0
ph_localrefresh,7,-23,0,99.000,,,0
ph_localrefresh,7,-23,1,99.000,,,0
ph_localrefresh,7,-23,2,99.000,,,0
ph_localrefresh,7,-23,3,99.000,,,0
ph_localrefresh,8,-22,0,99.000,,,0
ph_localrefresh,8,-22,1,99.000,,,0
ph_localrefresh,8,-22,2,99.000,,,0
ph_localrefresh,8,-22,3,99.000,,,0
ph_localrefresh,9,-21,0,99.000,,,0
ph_localrefresh,9,-21,1,99.000,,,0
ph_localrefresh,9,-21,2,99.000,,,0
ph_localrefresh,9,-21,3,99.000,,,0
ph_localrefresh,10,-20,0,99.000,,,0
ph_localrefresh,10,-20,1,99.000,,,0
ph_localrefresh,10,-20,2,99.000,,,0
ph_localrefresh,10,-20,3,99.000,,,0
ph_localrefresh,11,-19,0,99.000,,,0
ph_localrefresh,11,-19,1,99.000,,,0
ph_localrefresh,11,-19,2,99.000,,,0
ph_localrefresh,11,-19,3,99.000,,,0
ph_localrefresh,12,-18,0,99.000,,,0
ph_localrefresh,12,-18,1,99.000,,,0
ph_localrefresh,12,-18,2,99.000,,,0
ph_localrefresh,12,-18,3,99.000,,,0
ph_localrefresh,13,-17,0,99.000,,,0
ph_localrefresh,13,-17,1,99.000,,,0
ph_localrefresh,13,-17,2,99.000,,,0
ph_localrefresh,13,-17,3,99.000,,,0
ph_localrefresh,14,-16,0,99.000,,,0
ph_localrefresh,14,-16,1,99.000,,,0
ph_localrefresh,14,-16,2,99.000,,,0
ph_localrefresh,14,-16,3,99.000,,,0
ph_localrefresh,15,-15,0,99.000,,,0
ph_localrefresh,15,-15,1,99.000,,,0
ph_localrefresh,15,-15,2,99.000,,,0
ph_localrefresh,15,-15,3,99.000,,,0
ph_localrefresh,16,-14,0,99.000,,,0
ph_localrefresh,16,-14,1,99.000,,,0
ph_localrefresh,16,-14,2,99.000,,,0
ph_localrefresh,16,-14,3,99.000,,,0
ph_localrefresh,17,-13,0,99.000,,,0
ph_localrefresh,17,-13,1,99.000,,,0
ph_localrefresh,17,-13,2,99.000,,,0
ph_localrefresh,17,-13,3,99.000,,,0
ph_localrefresh,18,-12,0,99.000,,,0
ph_localrefresh,18,-12,1,99.000,,,0
ph_localrefresh,18,-12,2,99.000,,,0
ph_localrefresh,18,-12,3,99.000,,,0
ph_localrefresh,19,-11,0,99.000,,,0
ph_localrefresh,19,-11,1,99.000,,,0
ph_localrefresh,19,-11,2,99.000,,,0
ph_localrefresh,19,-11,3,99.000,,,0
ph_localrefresh,20,-10,0,99.000,,,0
ph_localrefresh,20,-10,1,99.000,,,0
ph_localrefresh,20,-10,2,99.000,,,0
ph_localrefresh,20,-10,3,99.000,,,0
ph_localrefresh,21,-9,0,99.000,,,0
ph_localrefresh,21,-9,1,99.000,,,0
ph_localrefresh,21,-9,2,99.000,,,0
ph_localrefresh,21,-9,3,99.000,,,0
ph_localrefresh,22,-8,0,99.000,,,0
ph_localrefresh,22,-8,1,99.000,,,0
ph_localrefresh,22,-8,2,99.000,,,0
ph_localrefresh,22,-8,3,99.000,,,0
ph_localrefresh,23,-7,0,99.000,,,0
ph_localrefresh,23,-7,1,99.000,,,0
ph_localrefresh,23,-7,2,99.000,,,0
ph_localrefresh,23,-7,3,99.000,,,0
ph_localrefresh,24,-6,0,99.000,,,0
ph_localrefresh,24,-6,1,99.000,,,0
ph_localrefresh,24,-6,2,99.000,,,0
ph_localrefresh,24,-6,3,99.000,,,0
ph_localrefresh,25,-5,0,99.000,,,0
ph_localrefresh,25,-5,1,99.000,,,0
ph_localrefresh,25,-5,2,99.000,,,0
ph_localrefresh,25,-5,3,99.000,,,0
ph_localrefresh,26,-4,0,99.000,,,0
ph_localrefresh,26,-4,1,99.000,,,0
ph_localrefresh,26,-4,2,99.000,,,0
ph_localrefresh,26,-4,3,99.000,,,0
ph_localrefresh,27,-3,0,99.000,,,0
ph_localrefresh,27,-3,1,99.000,,,0
ph_localrefresh,27,-3,2,99.000,,,0
ph_localrefresh,27,-3,3,99.000,,,0
ph_localrefresh,28,-2,0,99.000,,,0
ph_localrefresh,28,-2,1,99.000,,,0
ph_localrefresh,28,-2,2,99.000,,,0
ph_localrefresh,28,-2,3,99.000,,,0
ph_localrefresh,29,-1,0,99.000,,,0
ph_localrefresh,29,-1,1,99.000,,,0
ph_localrefresh,29,-1,2,99.000,,,0
ph_localrefresh,29,-1,3,99.000,,,0
ph_localrefresh,30,0,0,27.980,0.9529,0.7177,0
ph_localrefresh,30,0,1,24.053,0.9053,0.7302,0
ph_localrefresh,30,0,2,23.847,0.9050,0.7401,0
ph_localrefresh,30,0,3,22.760,0.8789,0.7244,0
ph_localrefresh,31,1,0,23.186,0.8833,0.7364,0
ph_localrefresh,31,1,1,23.707,0.9077,0.7658,0
ph_localrefresh,31,1,2,19.839,0.8484,0.7372,0
ph_localrefresh,31,1,3,20.298,0.8325,0.7352,0
ph_localrefresh,32,2,0,21.186,0.8534,0.7314,0
ph_localrefresh,32,2,1,20.320,0.8418,0.7403,0
ph_localrefresh,32,2,2,20.442,0.8460,0.7397,0
ph_localrefresh,32,2,3,20.488,0.8423,0.7379,0
ph_localrefresh,33,3,0,20.706,0.8433,0.7389,0
ph_localrefresh,33,3,1,20.703,0.8452,0.7401,0
ph_localrefresh,33,3,2,20.608,0.8437,0.7371,0
ph_localrefresh,33,3,3,20.569,0.8416,0.7374,0
ph_localrefresh,34,4,0,20.786,0.8427,0.7393,0
ph_localrefresh,34,4,1,20.557,0.8361,0.7402,0
ph_localrefresh,34,4,2,20.313,0.8319,0.7403,0
ph_localrefresh,34,4,3,20.150,0.8260,0.7399,0
ph_localrefresh,35,5,0,20.105,0.8219,0.7381,0
ph_localrefresh,35,5,1,19.863,0.8081,0.7368,0
ph_localrefresh,35,5,2,19.554,0.8055,0.7347,0
ph_localrefresh,35,5,3,19.516,0.8036,0.7331,0
ph_localrefresh,36,6,0,19.527,0.8026,0.7370,0
ph_localrefresh,36,6,1,19.343,0.8009,0.7414,0
ph_localrefresh,36,6,2,19.335,0.8020,0.7403,0
ph_localrefresh,36,6,3,19.309,0.8007,0.7380,0
ph_localrefresh,37,7,0,19.346,0.7978,0.7425,0
ph_localrefresh,37,7,1,19.238,0.7951,0.7429,0
ph_localrefresh,37,7,2,19.204,0.7939,0.7421,0
ph_localrefresh,37,7,3,19.183,0.7933,0.7401,0
ph_localrefresh,38,8,0,19.281,0.7918,0.7451,0
ph_localrefresh,38,8,1,19.293,0.7888,0.7433,0
ph_localrefresh,38,8,2,19.343,0.7900,0.7444,0
ph_localrefresh,38,8,3,18.882,0.7820,0.7416,0
ph_localrefresh,39,9,0,18.791,0.7786,0.7386,0
ph_localrefresh,39,9,1,19.186,0.7867,0.7341,0
ph_localrefresh,39,9,2,19.289,0.7932,0.7296,0
ph_localrefresh,39,9,3,19.280,0.7906,0.7195,0
ph_localrefresh,40,10,0,19.675,0.7958,0.7239,0
ph_localrefresh,40,10,1,19.723,0.7985,0.7215,0
ph_localrefresh,40,10,2,19.714,0.7973,0.7211,0
ph_localrefresh,40,10,3,19.631,0.7928,0.7194,0
ph_localrefresh,41,11,0,19.717,0.7946,0.7227,0
ph_localrefresh,41,11,1,19.949,0.8046,0.7254,0
ph_localrefresh,41,11,2,19.848,0.8028,0.7273,0
ph_localrefresh,41,11,3,19.741,0.7987,0.7223,0
ph_localrefresh,42,12,0,19.892,0.7996,0.7309,0
ph_localrefresh,42,12,1,19.816,0.7935,0.7326,0
ph_localrefresh,42,12,2,19.752,0.7922,0.7308,0
ph_localrefresh,42,12,3,19.720,0.7927,0.7254,0
ph_localrefresh,43,13,0,19.272,0.7956,0.7347,0
ph_localrefresh,43,13,1,18.998,0.7915,0.7346,0
ph_localrefresh,43,13,2,18.941,0.7921,0.7312,0
ph_localrefresh,43,13,3,18.909,0.7928,0.7244,0
ph_localrefresh,44,14,0,19.003,0.7936,0.7337,0
ph_localrefresh,44,14,1,18.634,0.7865,0.7312,0
ph_localrefresh,44,14,2,18.485,0.7831,0.7230,0
ph_localrefresh,44,14,3,18.439,0.7823,0.7082,0
ph_localrefresh,45,15,0,18.626,0.7857,0.7167,0
ph_localrefresh,45,15,1,18.518,0.7860,0.7131,0
ph_localrefresh,45,15,2,18.492,0.7839,0.7084,0
ph_localrefresh,45,15,3,18.470,0.7819,0.7019,0
ph_localrefresh,46,16,0,18.790,0.7868,0.7113,0
ph_localrefresh,46,16,1,18.895,0.7877,0.7113,0
ph_localrefresh,46,16,2,18.912,0.7860,0.7079,0
ph_localrefresh,46,16,3,18.938,0.7849,0.7046,0
ph_localrefresh,47,17,0,19.135,0.7910,0.7155,0
ph_localrefresh,47,17,1,19.238,0.7936,0.7210,0
ph_localrefresh,47,17,2,19.281,0.7940,0.7234,0
ph_localrefresh,47,17,3,19.310,0.7943,0.7243,0
ph_localrefresh,48,18,0,19.383,0.7975,0.7334,0
ph_localrefresh,48,18,1,19.430,0.7978,0.7344,0
ph_localrefresh,48,18,2,19.347,0.7938,0.7332,0
ph_localrefresh,48,18,3,19.218,0.7857,0.7323,0
ph_localrefresh,49,19,0,19.353,0.7951,0.7428,0
ph_localrefresh,49,19,1,19.360,0.7955,0.7444,0
ph_localrefresh,49,19,2,19.278,0.7923,0.7449,0
ph_localrefresh,49,19,3,19.191,0.7880,0.7448,0
ph_localrefresh,50,20,0,19.223,0.7904,0.7375,0
ph_localrefresh,50,20,1,18.479,0.7794,0.7404,0
ph_localrefresh,50,20,2,18.464,0.7751,0.7346,0
ph_localrefresh,50,20,3,18.393,0.7696,0.7330,0
ph_localrefresh,51,21,0,18.554,0.7756,0.7370,0
ph_localrefresh,51,21,1,18.370,0.7714,0.7383,0
ph_localrefresh,51,21,2,18.403,0.7754,0.7364,0
ph_localrefresh,51,21,3,18.359,0.7752,0.7365,0
ph_localrefresh,52,22,0,18.438,0.7780,0.7376,0
ph_localrefresh,52,22,1,18.367,0.7768,0.7373,0
ph_localrefresh,52,22,2,18.377,0.7780,0.7351,0
ph_localrefresh,52,22,3,18.371,0.7782,0.7327,0
ph_localrefresh,53,23,0,18.425,0.7813,0.7364,0
ph_localrefresh,53,23,1,18.442,0.7830,0.7364,0
ph_localrefresh,53,23,2,18.432,0.7830,0.7335,0
ph_localrefresh,53,23,3,18.447,0.7840,0.7322,0
ph_localrefresh,54,24,0,18.455,0.7841,0.7341,0
ph_localrefresh,54,24,1,18.684,0.7878,0.7376,0
ph_localrefresh,54,24,2,18.720,0.7887,0.7353,0
ph_localrefresh,54,24,3,18.687,0.7863,0.7357,0
ph_localrefresh,55,25,0,18.513,0.7835,0.7307,0
ph_localrefresh,55,25,1,18.652,0.7858,0.7376,0
ph_localrefresh,55,25,2,18.288,0.7804,0.7345,0
ph_localrefresh,55,25,3,18.177,0.7772,0.7310,0
ph_localrefresh,56,26,0,18.368,0.7837,0.7402,0
ph_localrefresh,56,26,1,18.234,0.7822,0.7422,0
ph_localrefresh,56,26,2,18.217,0.7830,0.7400,0
ph_localrefresh,56,26,3,18.217,0.7826,0.7371,0
ph_localrefresh,57,27,0,18.213,0.7820,0.7418,0
ph_localrefresh,57,27,1,18.339,0.7847,0.7428,0
ph_localrefresh,57,27,2,18.334,0.7832,0.7379,0
ph_localrefresh,57,27,3,18.310,0.7828,0.7342,0
ph_localrefresh,58,28,0,18.373,0.7848,0.7314,0
ph_localrefresh,58,28,1,18.315,0.7886,0.7422,0
ph_localrefresh,58,28,2,18.373,0.7912,0.7399,0
ph_localrefresh,58,28,3,18.184,0.7802,0.7330,0
ph_localrefresh,59,29,0,18.222,0.7873,0.7313,0
ph_localrefresh,59,29,1,18.373,0.8022,0.7402,0
ph_localrefresh,59,29,2,18.426,0.8055,0.7326,0
ph_localrefresh,59,29,3,18.445,0.8062,0.7295,0
ph_localrefresh,60,30,0,18.464,0.8118,0.7435,0
ph_localrefresh,60,30,1,18.431,0.8125,0.7448,0
ph_localrefresh,60,30,2,18.385,0.8112,0.7422,0
ph_localrefresh,60,30,3,18.368,0.8103,0.7420,0
ph_localrefresh,61,31,0,18.383,0.8113,0.7456,0
ph_localrefresh,61,31,1,18.361,0.8093,0.7459,0
ph_localrefresh,61,31,2,18.230,0.8041,0.7519,0
ph_localrefresh,61,31,3,18.153,0.7968,0.7506,0
ph_localrefresh,62,32,0,18.363,0.8042,0.7617,0
ph_localrefresh,62,32,1,18.326,0.8077,0.7622,0
ph_localrefresh,62,32,2,18.302,0.8059,0.7609,0
ph_localrefresh,62,32,3,18.296,0.8049,0.7613,0
ph_localrefresh,63,33,0,18.277,0.8049,0.7595,0
ph_localrefresh,63,33,1,17.596,0.7731,0.7170,0
ph_localrefresh,63,33,2,17.773,0.7773,0.7205,0
ph_localrefresh,63,33,3,17.787,0.7784,0.7222,0
ph_localrefresh,64,34,0,17.929,0.7814,0.7433,0
ph_localrefresh,64,34,1,17.986,0.7874,0.7452,0
ph_localrefresh,64,34,2,18.010,0.7912,0.7462,0
ph_localrefresh,64,34,3,17.872,0.7851,0.7430,0
ph_localrefresh,65,35,0,17.887,0.7862,0.7454,0
ph_localrefresh,65,35,1,18.056,0.7908,0.7504,0
ph_localrefresh,65,35,2,18.044,0.7904,0.7495,0
ph_localrefresh,65,35,3,17.943,0.7865,0.7461,0
ph_localrefresh,66,36,0,18.040,0.7903,0.7494,0
ph_localrefresh,66,36,1,18.279,0.7982,0.7492,0
ph_localrefresh,66,36,2,18.299,0.7990,0.7491,0
ph_localrefresh,66,36,3,18.215,0.7960,0.7461,0
ph_localrefresh,67,37,0,18.392,0.7985,0.7511,0
ph_localrefresh,67,37,1,18.468,0.8031,0.7533,0
ph_localrefresh,67,37,2,18.524,0.8034,0.7543,0
ph_localrefresh,67,37,3,18.525,0.8017,0.7533,0
ph_localrefresh,68,38,0,18.556,0.8010,0.7588,0
ph_localrefresh,68,38,1,18.699,0.7989,0.7632,0
ph_localrefresh,68,38,2,18.381,0.7983,0.7628,0
ph_localrefresh,68,38,3,18.214,0.7920,0.7608,0
ph_localrefresh,69,39,0,18.287,0.7899,0.7674,0
ph_localrefresh,69,39,1,18.104,0.7908,0.7635,0
ph_localrefresh,69,39,2,18.106,0.7915,0.7628,0
ph_localrefresh,69,39,3,18.092,0.7913,0.7614,0
ph_localrefresh,70,40,0,17.966,0.7893,0.7615,0
ph_localrefresh,70,40,1,17.937,0.7947,0.7572,0
ph_localrefresh,70,40,2,17.938,0.7976,0.7576,0
ph_localrefresh,70,40,3,17.891,0.7962,0.7562,0
ph_localrefresh,71,41,0,18.037,0.7985,0.7585,0
ph_localrefresh,71,41,1,18.036,0.7995,0.7574,0
ph_localrefresh,71,41,2,18.017,0.7997,0.7542,0
ph_localrefresh,71,41,3,17.988,0.7998,0.7503,0
ph_localrefresh,72,42,0,18.150,0.8030,0.7543,0
ph_localrefresh,72,42,1,18.191,0.8033,0.7545,0
ph_localrefresh,72,42,2,18.209,0.8031,0.7527,0
ph_localrefresh,72,42,3,18.208,0.8030,0.7488,0
ph_localrefresh,73,43,0,18.100,0.7979,0.7560,0
ph_localrefresh,73,43,1,18.211,0.8022,0.7537,0
ph_localrefresh,73,43,2,18.233,0.8026,0.7502,0
ph_localrefresh,73,43,3,18.228,0.8022,0.7468,0
ph_localrefresh,74,44,0,18.291,0.8044,0.7524,0
ph_localrefresh,74,44,1,18.330,0.8044,0.7555,0
ph_localrefresh,74,44,2,18.287,0.8030,0.7545,0
ph_localrefresh,74,44,3,18.325,0.8033,0.7479,0
ph_localrefresh,75,45,0,18.086,0.7943,0.7504,0
ph_localrefresh,75,45,1,17.780,0.7882,0.7552,0
ph_localrefresh,75,45,2,17.855,0.7937,0.7496,0
ph_localrefresh,75,45,3,17.841,0.7899,0.7418,0
ph_localrefresh,76,46,0,18.044,0.7968,0.7514,0
ph_localrefresh,76,46,1,18.039,0.7991,0.7530,0
ph_localrefresh,76,46,2,18.056,0.7998,0.7504,0
ph_localrefresh,76,46,3,18.036,0.7986,0.7439,0
ph_localrefresh,77,47,0,18.259,0.8023,0.7462,0
ph_localrefresh,77,47,1,18.382,0.8020,0.7449,0
ph_localrefresh,77,47,2,18.315,0.7992,0.7420,0
ph_localrefresh,77,47,3,18.374,0.8014,0.7349,0
ph_localrefresh,78,48,0,18.689,0.8052,0.7432,0
ph_localrefresh,78,48,1,18.789,0.8056,0.7453,0
ph_localrefresh,78,48,2,18.775,0.8039,0.7450,0
ph_localrefresh,78,48,3,18.800,0.8037,0.7380,0
ph_localrefresh,79,49,0,18.853,0.7995,0.7457,0
ph_localrefresh,79,49,1,18.878,0.8007,0.7462,0
ph_localrefresh,79,49,2,18.851,0.7994,0.7432,0
ph_localrefresh,79,49,3,18.810,0.7985,0.7403,0
ph_localrefresh,80,50,0,18.914,0.8026,0.7451,0
ph_localrefresh,80,50,1,18.921,0.7998,0.7476,0
ph_localrefresh,80,50,2,18.606,0.7983,0.7414,0
ph_localrefresh,80,50,3,18.540,0.7970,0.7382,0
ph_localrefresh,81,51,0,18.588,0.8002,0.7441,0
ph_localrefresh,81,51,1,18.626,0.8037,0.7431,0
ph_localrefresh,81,51,2,18.581,0.8028,0.7421,0
ph_localrefresh,81,51,3,18.516,0.8008,0.7405,0
ph_localrefresh,82,52,0,18.519,0.8027,0.7447,0
ph_localrefresh,82,52,1,18.494,0.8032,0.7465,0
ph_localrefresh,82,52,2,18.480,0.8027,0.7457,0
ph_localrefresh,82,52,3,18.446,0.8021,0.7450,0
ph_localrefresh,83,53,0,18.544,0.8032,0.7472,0
ph_localrefresh,83,53,1,18.554,0.8019,0.7480,0
ph_localrefresh,83,53,2,18.471,0.7997,0.7406,0
ph_localrefresh,83,53,3,18.323,0.7924,0.7367,0
ph_localrefresh,84,54,0,18.610,0.8006,0.7340,0
ph_localrefresh,84,54,1,18.690,0.8085,0.7366,0
ph_localrefresh,84,54,2,18.729,0.8080,0.7302,0
ph_localrefresh,84,54,3,18.705,0.8068,0.7240,0
ph_localrefresh,85,55,0,18.451,0.8040,0.7272,0
ph_localrefresh,85,55,1,18.195,0.7966,0.7289,0
ph_localrefresh,85,55,2,18.196,0.7968,0.7191,0
ph_localrefresh,85,55,3,18.132,0.7951,0.7073,0
ph_localrefresh,86,56,0,18.037,0.7914,0.7148,0
ph_localrefresh,86,56,1,18.001,0.7904,0.7390,0
ph_localrefresh,86,56,2,18.095,0.7922,0.7340,0
ph_localrefresh,86,56,3,18.069,0.7926,0.7222,0
ph_localrefresh,87,57,0,18.295,0.7978,0.7380,0
ph_localrefresh,87,57,1,18.333,0.8064,0.7495,0
ph_localrefresh,87,57,2,18.332,0.8068,0.7478,0
ph_localrefresh,87,57,3,18.282,0.8071,0.7469,0
ph_localrefresh,88,58,0,18.407,0.8118,0.7558,0
ph_localrefresh,88,58,1,18.422,0.8166,0.7606,0
ph_localrefresh,88,58,2,18.399,0.8157,0.7589,0
ph_localrefresh,88,58,3,18.298,0.8120,0.7575,0
ph_localrefresh,89,59,0,18.468,0.8171,0.7593,0
ph_localrefresh,89,59,1,18.495,0.8200,0.7609,0
ph_localrefresh,89,59,2,18.463,0.8183,0.7592,0
ph_localrefresh,89,59,3,18.399,0.8163,0.7593,0
ph_localrefresh,90,60,0,18.564,0.8195,0.7613,0
ph_localrefresh,90,60,1,18.598,0.8202,0.7631,0
ph_localrefresh,90,60,2,18.584,0.8186,0.7605,0
ph_localrefresh,90,60,3,18.565,0.8176,0.7592,0
ph_localrefresh,91,61,0,18.741,0.8182,0.7601,0
ph_localrefresh,91,61,1,18.774,0.8148,0.7595,0
ph_localrefresh,91,61,2,18.749,0.8086,0.7577,0
ph_localrefresh,91,61,3,18.775,0.8091,0.7427,0
ph_localrefresh,92,62,0,19.027,0.8093,0.7392,0
ph_localrefresh,92,62,1,19.084,0.8171,0.7404,0
ph_localrefresh,92,62,2,19.078,0.8162,0.7433,0
ph_localrefresh,92,62,3,18.816,0.8031,0.7429,0
ph_localrefresh,93,63,0,18.932,0.8044,0.7409,0
ph_localrefresh,93,63,1,19.116,0.8027,0.7451,0
ph_localrefresh,93,63,2,18.899,0.8005,0.7440,0
ph_localrefresh,93,63,3,18.844,0.7865,0.7385,0
ph_localrefresh,94,64,0,18.795,0.7823,0.7407,0
ph_localrefresh,94,64,1,18.075,0.7929,0.7493,0
ph_localrefresh,94,64,2,17.765,0.7809,0.7461,0
ph_localrefresh,94,64,3,17.463,0.7563,0.7533,0
ph_localrefresh,95,65,0,17.610,0.7719,0.7429,0
ph_localrefresh,95,65,1,17.245,0.7914,0.7675,0
ph_localrefresh,95,65,2,17.621,0.7773,0.7503,0
ph_localrefresh,95,65,3,17.495,0.7709,0.7506,0
ph_localrefresh,96,66,0,18.116,0.7831,0.7558,0
ph_localrefresh,96,66,1,18.176,0.7879,0.7574,0
ph_localrefresh,96,66,2,18.265,0.7894,0.7535,0
ph_localrefresh,96,66,3,18.290,0.7878,0.7525,0
ph_localrefresh,97,67,0,18.333,0.7891,0.7505,0
ph_localrefresh,97,67,1,18.356,0.7898,0.7506,0
ph_localrefresh,97,67,2,18.338,0.7895,0.7482,0
ph_localrefresh,97,67,3,18.340,0.7884,0.7468,0
ph_localrefresh,98,68,0,18.404,0.7885,0.7449,0
ph_localrefresh,98,68,1,18.543,0.7877,0.7464,0
ph_localrefresh,98,68,2,18.663,0.7875,0.7441,0
ph_localrefresh,98,68,3,18.660,0.7867,0.7431,0
ph_localrefresh,99,69,0,18.687,0.7839,0.7414,0
ph_localrefresh,99,69,1,18.727,0.7835,0.7432,0
ph_localrefresh,99,69,2,18.753,0.7877,0.7405,0
ph_localrefresh,99,69,3,18.824,0.7871,0.7386,0
ph_localrefresh,100,70,0,18.860,0.7879,0.7417,0
ph_localrefresh,100,70,1,18.937,0.7927,0.7384,0
ph_localrefresh,100,70,2,19.014,0.7947,0.7344,0
ph_localrefresh,100,70,3,19.028,0.7948,0.7322,0
ph_localrefresh,101,71,0,19.047,0.7926,0.7350,0
ph_localrefresh,101,71,1,19.012,0.7881,0.7352,0
ph_localrefresh,101,71,2,18.976,0.7868,0.7333,0
ph_localrefresh,101,71,3,18.937,0.7804,0.7314,0
ph_localrefresh,102,72,0,19.042,0.7796,0.7362,0
ph_localrefresh,102,72,1,18.895,0.7755,0.7368,0
ph_localrefresh,102,72,2,18.831,0.7776,0.7296,0
ph_localrefresh,102,72,3,18.685,0.7726,0.7201,0
ph_localrefresh,103,73,0,18.521,0.7713,0.7259,0
ph_localrefresh,103,73,1,19.020,0.7850,0.7237,0
ph_localrefresh,103,73,2,19.079,0.7906,0.7191,0
ph_localrefresh,103,73,3,19.062,0.7898,0.7149,0
ph_localrefresh,104,74,0,19.291,0.7945,0.7217,0
ph_localrefresh,104,74,1,19.292,0.7979,0.7235,0
ph_localrefresh,104,74,2,19.303,0.7991,0.7271,0
ph_localrefresh,104,74,3,19.306,0.7996,0.7262,0
ph_localrefresh,105,75,0,19.370,0.8032,0.7299,0
ph_localrefresh,105,75,1,19.301,0.7999,0.7306,0
ph_localrefresh,105,75,2,19.274,0.8034,0.7317,0
ph_localrefresh,105,75,3,19.245,0.8028,0.7298,0
ph_localrefresh,106,76,0,19.030,0.8068,0.7385,0
ph_localrefresh,106,76,1,18.917,0.8062,0.7398,0
ph_localrefresh,106,76,2,18.847,0.8055,0.7406,0
ph_localrefresh,106,76,3,18.812,0.8050,0.7365,0
ph_localrefresh,107,77,0,18.568,0.8043,0.7429,0
ph_localrefresh,107,77,1,18.398,0.8015,0.7386,0
ph_localrefresh,107,77,2,18.302,0.7981,0.7350,0
ph_localrefresh,107,77,3,18.251,0.7959,0.7251,0
ph_localrefresh,108,78,0,18.303,0.7945,0.7279,0
ph_localrefresh,108,78,1,18.245,0.7856,0.7227,0
ph_localrefresh,108,78,2,18.200,0.7850,0.7161,0
ph_localrefresh,108,78,3,18.091,0.7783,0.7087,0
ph_localrefresh,109,79,0,18.225,0.7800,0.7198,0
ph_localrefresh,109,79,1,18.156,0.7792,0.7190,0
ph_localrefresh,109,79,2,18.140,0.7776,0.7175,0
ph_localrefresh,109,79,3,18.079,0.7732,0.7132,0
xfer_sink+meta+inflight,1,-29,0,99.000,,,0
xfer_sink+meta+inflight,1,-29,1,99.000,,,0
xfer_sink+meta+inflight,1,-29,2,99.000,,,0
xfer_sink+meta+inflight,1,-29,3,99.000,,,0
xfer_sink+meta+inflight,2,-28,0,99.000,,,0
xfer_sink+meta+inflight,2,-28,1,99.000,,,0
xfer_sink+meta+inflight,2,-28,2,99.000,,,0
xfer_sink+meta+inflight,2,-28,3,99.000,,,0
xfer_sink+meta+inflight,3,-27,0,99.000,,,0
xfer_sink+meta+inflight,3,-27,1,99.000,,,0
xfer_sink+meta+inflight,3,-27,2,99.000,,,0
xfer_sink+meta+inflight,3,-27,3,99.000,,,0
xfer_sink+meta+inflight,4,-26,0,99.000,,,0
xfer_sink+meta+inflight,4,-26,1,99.000,,,0
xfer_sink+meta+inflight,4,-26,2,99.000,,,0
xfer_sink+meta+inflight,4,-26,3,99.000,,,0
xfer_sink+meta+inflight,5,-25,0,99.000,,,0
xfer_sink+meta+inflight,5,-25,1,99.000,,,0
xfer_sink+meta+inflight,5,-25,2,99.000,,,0
xfer_sink+meta+inflight,5,-25,3,99.000,,,0
xfer_sink+meta+inflight,6,-24,0,99.000,,,0
xfer_sink+meta+inflight,6,-24,1,99.000,,,0
xfer_sink+meta+inflight,6,-24,2,99.000,,,0
xfer_sink+meta+inflight,6,-24,3,99.000,,,0
xfer_sink+meta+inflight,7,-23,0,99.000,,,0
xfer_sink+meta+inflight,7,-23,1,99.000,,,0
xfer_sink+meta+inflight,7,-23,2,99.000,,,0
xfer_sink+meta+inflight,7,-23,3,99.000,,,0
xfer_sink+meta+inflight,8,-22,0,99.000,,,0
xfer_sink+meta+inflight,8,-22,1,99.000,,,0
xfer_sink+meta+inflight,8,-22,2,99.000,,,0
xfer_sink+meta+inflight,8,-22,3,99.000,,,0
xfer_sink+meta+inflight,9,-21,0,99.000,,,0
xfer_sink+meta+inflight,9,-21,1,99.000,,,0
xfer_sink+meta+inflight,9,-21,2,99.000,,,0
xfer_sink+meta+inflight,9,-21,3,99.000,,,0
xfer_sink+meta+inflight,10,-20,0,99.000,,,0
xfer_sink+meta+inflight,10,-20,1,99.000,,,0
xfer_sink+meta+inflight,10,-20,2,99.000,,,0
xfer_sink+meta+inflight,10,-20,3,99.000,,,0
xfer_sink+meta+inflight,11,-19,0,99.000,,,0
xfer_sink+meta+inflight,11,-19,1,99.000,,,0
xfer_sink+meta+inflight,11,-19,2,99.000,,,0
xfer_sink+meta+inflight,11,-19,3,99.000,,,0
xfer_sink+meta+inflight,12,-18,0,99.000,,,0
xfer_sink+meta+inflight,12,-18,1,99.000,,,0
xfer_sink+meta+inflight,12,-18,2,99.000,,,0
xfer_sink+meta+inflight,12,-18,3,99.000,,,0
xfer_sink+meta+inflight,13,-17,0,99.000,,,0
xfer_sink+meta+inflight,13,-17,1,99.000,,,0
xfer_sink+meta+inflight,13,-17,2,99.000,,,0
xfer_sink+meta+inflight,13,-17,3,99.000,,,0
xfer_sink+meta+inflight,14,-16,0,99.000,,,0
xfer_sink+meta+inflight,14,-16,1,99.000,,,0
xfer_sink+meta+inflight,14,-16,2,99.000,,,0
xfer_sink+meta+inflight,14,-16,3,99.000,,,0
xfer_sink+meta+inflight,15,-15,0,99.000,,,0
xfer_sink+meta+inflight,15,-15,1,99.000,,,0
xfer_sink+meta+inflight,15,-15,2,99.000,,,0
xfer_sink+meta+inflight,15,-15,3,99.000,,,0
xfer_sink+meta+inflight,16,-14,0,99.000,,,0
xfer_sink+meta+inflight,16,-14,1,99.000,,,0
xfer_sink+meta+inflight,16,-14,2,99.000,,,0
xfer_sink+meta+inflight,16,-14,3,99.000,,,0
xfer_sink+meta+inflight,17,-13,0,99.000,,,0
xfer_sink+meta+inflight,17,-13,1,99.000,,,0
xfer_sink+meta+inflight,17,-13,2,99.000,,,0
xfer_sink+meta+inflight,17,-13,3,99.000,,,0
xfer_sink+meta+inflight,18,-12,0,99.000,,,0
xfer_sink+meta+inflight,18,-12,1,99.000,,,0
xfer_sink+meta+inflight,18,-12,2,99.000,,,0
xfer_sink+meta+inflight,18,-12,3,99.000,,,0
xfer_sink+meta+inflight,19,-11,0,99.000,,,0
xfer_sink+meta+inflight,19,-11,1,99.000,,,0
xfer_sink+meta+inflight,19,-11,2,99.000,,,0
xfer_sink+meta+inflight,19,-11,3,99.000,,,0
xfer_sink+meta+inflight,20,-10,0,99.000,,,0
xfer_sink+meta+inflight,20,-10,1,99.000,,,0
xfer_sink+meta+inflight,20,-10,2,99.000,,,0
xfer_sink+meta+inflight,20,-10,3,99.000,,,0
xfer_sink+meta+inflight,21,-9,0,99.000,,,0
xfer_sink+meta+inflight,21,-9,1,99.000,,,0
xfer_sink+meta+inflight,21,-9,2,99.000,,,0
xfer_sink+meta+inflight,21,-9,3,99.000,,,0
xfer_sink+meta+inflight,22,-8,0,99.000,,,0
xfer_sink+meta+inflight,22,-8,1,99.000,,,0
xfer_sink+meta+inflight,22,-8,2,99.000,,,0
xfer_sink+meta+inflight,22,-8,3,99.000,,,0
xfer_sink+meta+inflight,23,-7,0,99.000,,,0
xfer_sink+meta+inflight,23,-7,1,99.000,,,0
xfer_sink+meta+inflight,23,-7,2,99.000,,,0
xfer_sink+meta+inflight,23,-7,3,99.000,,,0
xfer_sink+meta+inflight,24,-6,0,99.000,,,0
xfer_sink+meta+inflight,24,-6,1,99.000,,,0
xfer_sink+meta+inflight,24,-6,2,99.000,,,0
xfer_sink+meta+inflight,24,-6,3,99.000,,,0
xfer_sink+meta+inflight,25,-5,0,99.000,,,0
xfer_sink+meta+inflight,25,-5,1,99.000,,,0
xfer_sink+meta+inflight,25,-5,2,99.000,,,0
xfer_sink+meta+inflight,25,-5,3,99.000,,,0
xfer_sink+meta+inflight,26,-4,0,99.000,,,0
xfer_sink+meta+inflight,26,-4,1,99.000,,,0
xfer_sink+meta+inflight,26,-4,2,99.000,,,0
xfer_sink+meta+inflight,26,-4,3,99.000,,,0
xfer_sink+meta+inflight,27,-3,0,99.000,,,0
xfer_sink+meta+inflight,27,-3,1,99.000,,,0
xfer_sink+meta+inflight,27,-3,2,99.000,,,0
xfer_sink+meta+inflight,27,-3,3,99.000,,,0
xfer_sink+meta+inflight,28,-2,0,99.000,,,0
xfer_sink+meta+inflight,28,-2,1,99.000,,,0
xfer_sink+meta+inflight,28,-2,2,99.000,,,0
xfer_sink+meta+inflight,28,-2,3,99.000,,,0
xfer_sink+meta+inflight,29,-1,0,99.000,,,0
xfer_sink+meta+inflight,29,-1,1,99.000,,,0
xfer_sink+meta+inflight,29,-1,2,99.000,,,0
xfer_sink+meta+inflight,29,-1,3,99.000,,,0
xfer_sink+meta+inflight,30,0,0,14.986,0.7229,0.6392,0
xfer_sink+meta+inflight,30,0,1,15.165,0.7445,0.6464,0
xfer_sink+meta+inflight,30,0,2,16.359,0.7701,0.6557,0
xfer_sink+meta+inflight,30,0,3,16.743,0.7684,0.6588,0
xfer_sink+meta+inflight,31,1,0,19.138,0.8226,0.6894,0
xfer_sink+meta+inflight,31,1,1,19.547,0.8311,0.7131,0
xfer_sink+meta+inflight,31,1,2,18.881,0.8179,0.7021,0
xfer_sink+meta+inflight,31,1,3,19.035,0.8043,0.6998,0
xfer_sink+meta+inflight,32,2,0,19.792,0.8268,0.7020,0
xfer_sink+meta+inflight,32,2,1,19.010,0.8242,0.7022,0
xfer_sink+meta+inflight,32,2,2,19.247,0.8329,0.7033,0
xfer_sink+meta+inflight,32,2,3,19.143,0.8273,0.7001,0
xfer_sink+meta+inflight,33,3,0,19.892,0.8351,0.7002,0
xfer_sink+meta+inflight,33,3,1,20.820,0.8525,0.7032,0
xfer_sink+meta+inflight,33,3,2,20.903,0.8544,0.7025,0
xfer_sink+meta+inflight,33,3,3,20.937,0.8532,0.7027,0
xfer_sink+meta+inflight,34,4,0,21.649,0.8620,0.7087,0
xfer_sink+meta+inflight,34,4,1,22.607,0.8668,0.7120,0
xfer_sink+meta+inflight,34,4,2,22.863,0.8734,0.7135,0
xfer_sink+meta+inflight,34,4,3,22.775,0.8681,0.7120,0
xfer_sink+meta+inflight,35,5,0,23.160,0.8741,0.7124,0
xfer_sink+meta+inflight,35,5,1,23.246,0.8694,0.7183,0
xfer_sink+meta+inflight,35,5,2,22.790,0.8724,0.7181,0
xfer_sink+meta+inflight,35,5,3,22.828,0.8732,0.7162,0
xfer_sink+meta+inflight,36,6,0,23.419,0.8833,0.7210,0
xfer_sink+meta+inflight,36,6,1,24.137,0.8990,0.7252,0
xfer_sink+meta+inflight,36,6,2,24.377,0.9044,0.7262,0
xfer_sink+meta+inflight,36,6,3,24.397,0.9045,0.7251,0
xfer_sink+meta+inflight,37,7,0,25.123,0.9185,0.7291,0
xfer_sink+meta+inflight,37,7,1,25.323,0.9223,0.7284,0
xfer_sink+meta+inflight,37,7,2,25.427,0.9251,0.7286,0
xfer_sink+meta+inflight,37,7,3,25.404,0.9250,0.7277,0
xfer_sink+meta+inflight,38,8,0,25.655,0.9289,0.7300,0
xfer_sink+meta+inflight,38,8,1,25.869,0.9305,0.7275,0
xfer_sink+meta+inflight,38,8,2,26.850,0.9363,0.7281,0
xfer_sink+meta+inflight,38,8,3,27.618,0.9378,0.7260,0
xfer_sink+meta+inflight,39,9,0,29.488,0.9519,0.7242,0
xfer_sink+meta+inflight,39,9,1,29.532,0.9569,0.7158,0
xfer_sink+meta+inflight,39,9,2,29.405,0.9575,0.7142,0
xfer_sink+meta+inflight,39,9,3,29.267,0.9568,0.7080,0
xfer_sink+meta+inflight,40,10,0,30.269,0.9629,0.7098,0
xfer_sink+meta+inflight,40,10,1,31.026,0.9697,0.7084,0
xfer_sink+meta+inflight,40,10,2,31.280,0.9722,0.7087,0
xfer_sink+meta+inflight,40,10,3,31.257,0.9718,0.7085,0
xfer_sink+meta+inflight,41,11,0,31.038,0.9694,0.7102,0
xfer_sink+meta+inflight,41,11,1,30.756,0.9667,0.7113,0
xfer_sink+meta+inflight,41,11,2,29.886,0.9624,0.7125,0
xfer_sink+meta+inflight,41,11,3,28.388,0.9512,0.7114,0
xfer_sink+meta+inflight,42,12,0,26.796,0.9507,0.7167,0
xfer_sink+meta+inflight,42,12,1,26.764,0.9557,0.7171,0
xfer_sink+meta+inflight,42,12,2,26.767,0.9567,0.7159,0
xfer_sink+meta+inflight,42,12,3,26.761,0.9568,0.7122,0
xfer_sink+meta+inflight,43,13,0,26.828,0.9550,0.7154,0
xfer_sink+meta+inflight,43,13,1,27.050,0.9566,0.7128,0
xfer_sink+meta+inflight,43,13,2,27.167,0.9577,0.7114,0
xfer_sink+meta+inflight,43,13,3,27.181,0.9582,0.7076,0
xfer_sink+meta+inflight,44,14,0,27.187,0.9577,0.7087,0
xfer_sink+meta+inflight,44,14,1,26.961,0.9546,0.7063,0
xfer_sink+meta+inflight,44,14,2,27.026,0.9563,0.7008,0
xfer_sink+meta+inflight,44,14,3,26.757,0.9549,0.6925,0
xfer_sink+meta+inflight,45,15,0,27.387,0.9568,0.6952,0
xfer_sink+meta+inflight,45,15,1,28.251,0.9630,0.6930,0
xfer_sink+meta+inflight,45,15,2,28.483,0.9640,0.6899,0
xfer_sink+meta+inflight,45,15,3,28.327,0.9620,0.6846,0
xfer_sink+meta+inflight,46,16,0,29.589,0.9681,0.6927,0
xfer_sink+meta+inflight,46,16,1,30.344,0.9711,0.6921,0
xfer_sink+meta+inflight,46,16,2,30.444,0.9716,0.6905,0
xfer_sink+meta+inflight,46,16,3,30.454,0.9713,0.6884,0
xfer_sink+meta+inflight,47,17,0,31.434,0.9750,0.6945,0
xfer_sink+meta+inflight,47,17,1,31.977,0.9776,0.6974,0
xfer_sink+meta+inflight,47,17,2,32.170,0.9785,0.6993,0
xfer_sink+meta+inflight,47,17,3,32.100,0.9785,0.6994,0
xfer_sink+meta+inflight,48,18,0,33.174,0.9812,0.7037,0
xfer_sink+meta+inflight,48,18,1,33.641,0.9824,0.7052,0
xfer_sink+meta+inflight,48,18,2,33.781,0.9828,0.7059,0
xfer_sink+meta+inflight,48,18,3,33.609,0.9823,0.7059,0
xfer_sink+meta+inflight,49,19,0,33.920,0.9833,0.7073,0
xfer_sink+meta+inflight,49,19,1,34.058,0.9833,0.7071,0
xfer_sink+meta+inflight,49,19,2,34.009,0.9834,0.7061,0
xfer_sink+meta+inflight,49,19,3,33.353,0.9810,0.7043,0
xfer_sink+meta+inflight,50,20,0,33.734,0.9816,0.6998,0
xfer_sink+meta+inflight,50,20,1,32.838,0.9799,0.6999,0
xfer_sink+meta+inflight,50,20,2,33.219,0.9807,0.6932,0
xfer_sink+meta+inflight,50,20,3,32.863,0.9796,0.6889,0
xfer_sink+meta+inflight,51,21,0,33.570,0.9807,0.6939,0
xfer_sink+meta+inflight,51,21,1,32.971,0.9788,0.6954,0
xfer_sink+meta+inflight,51,21,2,32.816,0.9807,0.6927,0
xfer_sink+meta+inflight,51,21,3,32.831,0.9804,0.6920,0
xfer_sink+meta+inflight,52,22,0,32.880,0.9801,0.6955,0
xfer_sink+meta+inflight,52,22,1,32.307,0.9790,0.6982,0
xfer_sink+meta+inflight,52,22,2,32.581,0.9799,0.6969,0
xfer_sink+meta+inflight,52,22,3,32.457,0.9797,0.6969,0
xfer_sink+meta+inflight,53,23,0,32.150,0.9786,0.6995,0
xfer_sink+meta+inflight,53,23,1,31.937,0.9788,0.6994,0
xfer_sink+meta+inflight,53,23,2,31.732,0.9779,0.6969,0
xfer_sink+meta+inflight,53,23,3,31.600,0.9775,0.6962,0
xfer_sink+meta+inflight,54,24,0,30.555,0.9730,0.6965,0
xfer_sink+meta+inflight,54,24,1,30.065,0.9701,0.6971,0
xfer_sink+meta+inflight,54,24,2,29.160,0.9680,0.6967,0
xfer_sink+meta+inflight,54,24,3,26.559,0.9487,0.6982,0
xfer_sink+meta+inflight,55,25,0,26.644,0.9475,0.6929,0
xfer_sink+meta+inflight,55,25,1,29.155,0.9593,0.6948,0
xfer_sink+meta+inflight,55,25,2,29.079,0.9618,0.6946,0
xfer_sink+meta+inflight,55,25,3,27.316,0.9498,0.6938,0
xfer_sink+meta+inflight,56,26,0,27.467,0.9460,0.6963,0
xfer_sink+meta+inflight,56,26,1,28.810,0.9568,0.6981,0
xfer_sink+meta+inflight,56,26,2,28.498,0.9566,0.6979,0
xfer_sink+meta+inflight,56,26,3,27.846,0.9533,0.6963,0
xfer_sink+meta+inflight,57,27,0,27.773,0.9527,0.6986,0
xfer_sink+meta+inflight,57,27,1,28.101,0.9565,0.7003,0
xfer_sink+meta+inflight,57,27,2,28.200,0.9569,0.6967,0
xfer_sink+meta+inflight,57,27,3,28.075,0.9557,0.6939,0
xfer_sink+meta+inflight,58,28,0,27.976,0.9536,0.6943,0
xfer_sink+meta+inflight,58,28,1,27.788,0.9510,0.6990,0
xfer_sink+meta+inflight,58,28,2,27.518,0.9510,0.7024,0
xfer_sink+meta+inflight,58,28,3,27.489,0.9509,0.7011,0
xfer_sink+meta+inflight,59,29,0,27.990,0.9524,0.7012,0
xfer_sink+meta+inflight,59,29,1,28.817,0.9617,0.7069,0
xfer_sink+meta+inflight,59,29,2,28.972,0.9631,0.7046,0
xfer_sink+meta+inflight,59,29,3,28.925,0.9623,0.7034,0
xfer_sink+meta+inflight,60,30,0,29.883,0.9689,0.7124,0
xfer_sink+meta+inflight,60,30,1,29.968,0.9707,0.7154,0
xfer_sink+meta+inflight,60,30,2,29.914,0.9709,0.7146,0
xfer_sink+meta+inflight,60,30,3,29.844,0.9709,0.7155,0
xfer_sink+meta+inflight,61,31,0,30.231,0.9725,0.7181,0
xfer_sink+meta+inflight,61,31,1,30.413,0.9730,0.7183,0
xfer_sink+meta+inflight,61,31,2,30.097,0.9723,0.7215,0
xfer_sink+meta+inflight,61,31,3,29.399,0.9693,0.7199,0
xfer_sink+meta+inflight,62,32,0,30.276,0.9732,0.7263,0
xfer_sink+meta+inflight,62,32,1,30.846,0.9761,0.7256,0
xfer_sink+meta+inflight,62,32,2,30.889,0.9768,0.7244,0
xfer_sink+meta+inflight,62,32,3,30.834,0.9767,0.7240,0
xfer_sink+meta+inflight,63,33,0,30.864,0.9768,0.7227,0
xfer_sink+meta+inflight,63,33,1,31.186,0.9746,0.6975,0
xfer_sink+meta+inflight,63,33,2,31.443,0.9752,0.7021,0
xfer_sink+meta+inflight,63,33,3,31.307,0.9744,0.7040,0
xfer_sink+meta+inflight,64,34,0,32.427,0.9781,0.7147,0
xfer_sink+meta+inflight,64,34,1,33.444,0.9815,0.7150,0
xfer_sink+meta+inflight,64,34,2,33.848,0.9833,0.7165,0
xfer_sink+meta+inflight,64,34,3,33.851,0.9833,0.7145,0
xfer_sink+meta+inflight,65,35,0,33.941,0.9834,0.7156,0
xfer_sink+meta+inflight,65,35,1,33.963,0.9843,0.7176,0
xfer_sink+meta+inflight,65,35,2,33.894,0.9845,0.7169,0
xfer_sink+meta+inflight,65,35,3,33.650,0.9841,0.7154,0
xfer_sink+meta+inflight,66,36,0,34.076,0.9852,0.7177,0
xfer_sink+meta+inflight,66,36,1,34.035,0.9851,0.7195,0
xfer_sink+meta+inflight,66,36,2,34.141,0.9851,0.7212,0
xfer_sink+meta+inflight,66,36,3,33.786,0.9843,0.7186,0
xfer_sink+meta+inflight,67,37,0,31.529,0.9765,0.7205,0
xfer_sink+meta+inflight,67,37,1,33.667,0.9842,0.7201,0
xfer_sink+meta+inflight,67,37,2,34.290,0.9861,0.7215,0
xfer_sink+meta+inflight,67,37,3,33.920,0.9850,0.7208,0
xfer_sink+meta+inflight,68,38,0,33.854,0.9853,0.7244,0
xfer_sink+meta+inflight,68,38,1,32.108,0.9802,0.7263,0
xfer_sink+meta+inflight,68,38,2,32.943,0.9825,0.7276,0
xfer_sink+meta+inflight,68,38,3,29.626,0.9717,0.7254,0
xfer_sink+meta+inflight,69,39,0,27.984,0.9583,0.7272,0
xfer_sink+meta+inflight,69,39,1,30.408,0.9726,0.7249,0
xfer_sink+meta+inflight,69,39,2,31.282,0.9767,0.7259,0
xfer_sink+meta+inflight,69,39,3,30.811,0.9740,0.7260,0
xfer_sink+meta+inflight,70,40,0,30.492,0.9715,0.7241,0
xfer_sink+meta+inflight,70,40,1,29.904,0.9694,0.7232,0
xfer_sink+meta+inflight,70,40,2,29.847,0.9695,0.7244,0
xfer_sink+meta+inflight,70,40,3,29.625,0.9681,0.7247,0
xfer_sink+meta+inflight,71,41,0,29.805,0.9688,0.7270,0
xfer_sink+meta+inflight,71,41,1,29.656,0.9690,0.7272,0
xfer_sink+meta+inflight,71,41,2,29.595,0.9694,0.7260,0
xfer_sink+meta+inflight,71,41,3,29.469,0.9687,0.7229,0
xfer_sink+meta+inflight,72,42,0,29.633,0.9700,0.7256,0
xfer_sink+meta+inflight,72,42,1,29.735,0.9695,0.7249,0
xfer_sink+meta+inflight,72,42,2,29.752,0.9697,0.7233,0
xfer_sink+meta+inflight,72,42,3,29.676,0.9690,0.7193,0
xfer_sink+meta+inflight,73,43,0,29.553,0.9670,0.7195,0
xfer_sink+meta+inflight,73,43,1,29.590,0.9671,0.7192,0
xfer_sink+meta+inflight,73,43,2,29.623,0.9686,0.7183,0
xfer_sink+meta+inflight,73,43,3,29.294,0.9663,0.7178,0
xfer_sink+meta+inflight,74,44,0,29.839,0.9696,0.7189,0
xfer_sink+meta+inflight,74,44,1,29.977,0.9694,0.7208,0
xfer_sink+meta+inflight,74,44,2,30.632,0.9740,0.7189,0
xfer_sink+meta+inflight,74,44,3,30.020,0.9696,0.7133,0
xfer_sink+meta+inflight,75,45,0,30.295,0.9689,0.7144,0
xfer_sink+meta+inflight,75,45,1,30.272,0.9699,0.7163,0
xfer_sink+meta+inflight,75,45,2,30.924,0.9751,0.7159,0
xfer_sink+meta+inflight,75,45,3,30.460,0.9725,0.7120,0
xfer_sink+meta+inflight,76,46,0,31.320,0.9756,0.7206,0
xfer_sink+meta+inflight,76,46,1,31.905,0.9786,0.7246,0
xfer_sink+meta+inflight,76,46,2,31.849,0.9791,0.7248,0
xfer_sink+meta+inflight,76,46,3,31.684,0.9788,0.7213,0
xfer_sink+meta+inflight,77,47,0,32.047,0.9798,0.7219,0
xfer_sink+meta+inflight,77,47,1,32.341,0.9806,0.7194,0
xfer_sink+meta+inflight,77,47,2,32.123,0.9812,0.7197,0
xfer_sink+meta+inflight,77,47,3,31.944,0.9806,0.7144,0
xfer_sink+meta+inflight,78,48,0,32.209,0.9808,0.7183,0
xfer_sink+meta+inflight,78,48,1,32.259,0.9817,0.7157,0
xfer_sink+meta+inflight,78,48,2,32.205,0.9818,0.7160,0
xfer_sink+meta+inflight,78,48,3,31.973,0.9813,0.7131,0
xfer_sink+meta+inflight,79,49,0,32.104,0.9806,0.7174,0
xfer_sink+meta+inflight,79,49,1,32.097,0.9812,0.7162,0
xfer_sink+meta+inflight,79,49,2,31.504,0.9803,0.7160,0
xfer_sink+meta+inflight,79,49,3,31.144,0.9791,0.7126,0
xfer_sink+meta+inflight,80,50,0,31.827,0.9808,0.7159,0
xfer_sink+meta+inflight,80,50,1,30.458,0.9729,0.7145,0
xfer_sink+meta+inflight,80,50,2,27.839,0.9657,0.7116,0
xfer_sink+meta+inflight,80,50,3,27.217,0.9596,0.7096,0
xfer_sink+meta+inflight,81,51,0,28.005,0.9613,0.7171,0
xfer_sink+meta+inflight,81,51,1,27.104,0.9619,0.7164,0
xfer_sink+meta+inflight,81,51,2,27.122,0.9622,0.7160,0
xfer_sink+meta+inflight,81,51,3,27.201,0.9619,0.7141,0
xfer_sink+meta+inflight,82,52,0,29.581,0.9710,0.7171,0
xfer_sink+meta+inflight,82,52,1,30.329,0.9747,0.7194,0
xfer_sink+meta+inflight,82,52,2,30.394,0.9754,0.7190,0
xfer_sink+meta+inflight,82,52,3,30.253,0.9751,0.7182,0
xfer_sink+meta+inflight,83,53,0,30.453,0.9757,0.7201,0
xfer_sink+meta+inflight,83,53,1,30.460,0.9747,0.7217,0
xfer_sink+meta+inflight,83,53,2,31.591,0.9766,0.7165,0
xfer_sink+meta+inflight,83,53,3,31.122,0.9740,0.7100,0
xfer_sink+meta+inflight,84,54,0,31.823,0.9788,0.7092,0
xfer_sink+meta+inflight,84,54,1,33.300,0.9842,0.7104,0
xfer_sink+meta+inflight,84,54,2,33.204,0.9843,0.7080,0
xfer_sink+meta+inflight,84,54,3,33.034,0.9839,0.7041,0
xfer_sink+meta+inflight,85,55,0,33.623,0.9853,0.7015,0
xfer_sink+meta+inflight,85,55,1,34.286,0.9864,0.7042,0
xfer_sink+meta+inflight,85,55,2,34.436,0.9868,0.6970,0
xfer_sink+meta+inflight,85,55,3,34.239,0.9868,0.6907,0
xfer_sink+meta+inflight,86,56,0,34.402,0.9865,0.6937,0
xfer_sink+meta+inflight,86,56,1,34.809,0.9874,0.7131,0
xfer_sink+meta+inflight,86,56,2,34.574,0.9875,0.7072,0
xfer_sink+meta+inflight,86,56,3,34.243,0.9870,0.6996,0
xfer_sink+meta+inflight,87,57,0,34.564,0.9872,0.7147,0
xfer_sink+meta+inflight,87,57,1,35.530,0.9896,0.7250,0
xfer_sink+meta+inflight,87,57,2,35.635,0.9899,0.7224,0
xfer_sink+meta+inflight,87,57,3,35.472,0.9897,0.7196,0
xfer_sink+meta+inflight,88,58,0,36.447,0.9914,0.7247,0
xfer_sink+meta+inflight,88,58,1,36.750,0.9920,0.7281,0
xfer_sink+meta+inflight,88,58,2,37.397,0.9925,0.7265,0
xfer_sink+meta+inflight,88,58,3,37.209,0.9924,0.7255,0
xfer_sink+meta+inflight,89,59,0,37.615,0.9928,0.7250,0
xfer_sink+meta+inflight,89,59,1,37.544,0.9927,0.7260,0
xfer_sink+meta+inflight,89,59,2,37.099,0.9923,0.7249,0
xfer_sink+meta+inflight,89,59,3,36.999,0.9922,0.7255,0
xfer_sink+meta+inflight,90,60,0,37.549,0.9927,0.7266,0
xfer_sink+meta+inflight,90,60,1,37.473,0.9926,0.7277,0
xfer_sink+meta+inflight,90,60,2,37.483,0.9925,0.7254,0
xfer_sink+meta+inflight,90,60,3,37.252,0.9923,0.7245,0
xfer_sink+meta+inflight,91,61,0,37.204,0.9925,0.7242,0
xfer_sink+meta+inflight,91,61,1,36.817,0.9918,0.7247,0
xfer_sink+meta+inflight,91,61,2,36.672,0.9916,0.7236,0
xfer_sink+meta+inflight,91,61,3,36.889,0.9914,0.7167,0
xfer_sink+meta+inflight,92,62,0,37.264,0.9918,0.7070,0
xfer_sink+meta+inflight,92,62,1,36.571,0.9914,0.7112,0
xfer_sink+meta+inflight,92,62,2,36.543,0.9913,0.7125,0
xfer_sink+meta+inflight,92,62,3,36.454,0.9908,0.7165,0
xfer_sink+meta+inflight,93,63,0,37.163,0.9911,0.7162,0
xfer_sink+meta+inflight,93,63,1,36.749,0.9902,0.7202,0
xfer_sink+meta+inflight,93,63,2,35.433,0.9878,0.7124,0
xfer_sink+meta+inflight,93,63,3,34.306,0.9856,0.7058,0
xfer_sink+meta+inflight,94,64,0,36.026,0.9885,0.7163,0
xfer_sink+meta+inflight,94,64,1,37.615,0.9901,0.7190,0
xfer_sink+meta+inflight,94,64,2,38.323,0.9924,0.7151,0
xfer_sink+meta+inflight,94,64,3,35.815,0.9879,0.7127,0
xfer_sink+meta+inflight,95,65,0,38.585,0.9900,0.7017,0
xfer_sink+meta+inflight,95,65,1,37.866,0.9894,0.7268,0
xfer_sink+meta+inflight,95,65,2,36.524,0.9894,0.7086,0
xfer_sink+meta+inflight,95,65,3,35.860,0.9884,0.7086,0
xfer_sink+meta+inflight,96,66,0,35.307,0.9856,0.7157,0
xfer_sink+meta+inflight,96,66,1,35.310,0.9870,0.7185,0
xfer_sink+meta+inflight,96,66,2,35.117,0.9866,0.7151,0
xfer_sink+meta+inflight,96,66,3,35.154,0.9864,0.7150,0
xfer_sink+meta+inflight,97,67,0,36.334,0.9874,0.7176,0
xfer_sink+meta+inflight,97,67,1,36.399,0.9886,0.7185,0
xfer_sink+meta+inflight,97,67,2,36.129,0.9884,0.7163,0
xfer_sink+meta+inflight,97,67,3,35.526,0.9872,0.7163,0
xfer_sink+meta+inflight,98,68,0,35.408,0.9868,0.7173,0
xfer_sink+meta+inflight,98,68,1,35.012,0.9862,0.7178,0
xfer_sink+meta+inflight,98,68,2,35.721,0.9883,0.7155,0
xfer_sink+meta+inflight,98,68,3,35.040,0.9868,0.7129,0
xfer_sink+meta+inflight,99,69,0,35.079,0.9858,0.7135,0
xfer_sink+meta+inflight,99,69,1,34.646,0.9850,0.7151,0
xfer_sink+meta+inflight,99,69,2,34.292,0.9842,0.7130,0
xfer_sink+meta+inflight,99,69,3,34.276,0.9841,0.7125,0
xfer_sink+meta+inflight,100,70,0,35.373,0.9860,0.7151,0
xfer_sink+meta+inflight,100,70,1,35.925,0.9875,0.7145,0
xfer_sink+meta+inflight,100,70,2,35.945,0.9877,0.7120,0
xfer_sink+meta+inflight,100,70,3,35.955,0.9877,0.7115,0
xfer_sink+meta+inflight,101,71,0,36.003,0.9882,0.7144,0
xfer_sink+meta+inflight,101,71,1,35.513,0.9877,0.7151,0
xfer_sink+meta+inflight,101,71,2,35.235,0.9873,0.7144,0
xfer_sink+meta+inflight,101,71,3,35.351,0.9870,0.7141,0
xfer_sink+meta+inflight,102,72,0,35.887,0.9876,0.7170,0
xfer_sink+meta+inflight,102,72,1,33.643,0.9851,0.7155,0
xfer_sink+meta+inflight,102,72,2,34.292,0.9871,0.7091,0
xfer_sink+meta+inflight,102,72,3,33.565,0.9854,0.7061,0
xfer_sink+meta+inflight,103,73,0,36.190,0.9891,0.7088,0
xfer_sink+meta+inflight,103,73,1,37.247,0.9908,0.7047,0
xfer_sink+meta+inflight,103,73,2,37.333,0.9915,0.7027,0
xfer_sink+meta+inflight,103,73,3,37.172,0.9913,0.7009,0
xfer_sink+meta+inflight,104,74,0,38.048,0.9926,0.7039,0
xfer_sink+meta+inflight,104,74,1,38.490,0.9933,0.7049,0
xfer_sink+meta+inflight,104,74,2,38.268,0.9933,0.7072,0
xfer_sink+meta+inflight,104,74,3,38.223,0.9932,0.7074,0
xfer_sink+meta+inflight,105,75,0,38.447,0.9933,0.7103,0
xfer_sink+meta+inflight,105,75,1,38.836,0.9938,0.7098,0
xfer_sink+meta+inflight,105,75,2,39.347,0.9940,0.7101,0
xfer_sink+meta+inflight,105,75,3,39.248,0.9939,0.7077,0
xfer_sink+meta+inflight,106,76,0,39.520,0.9941,0.7136,0
xfer_sink+meta+inflight,106,76,1,39.346,0.9941,0.7149,0
xfer_sink+meta+inflight,106,76,2,39.372,0.9941,0.7150,0
xfer_sink+meta+inflight,106,76,3,39.364,0.9941,0.7116,0
xfer_sink+meta+inflight,107,77,0,39.675,0.9944,0.7120,0
xfer_sink+meta+inflight,107,77,1,39.096,0.9941,0.7087,0
xfer_sink+meta+inflight,107,77,2,38.961,0.9941,0.7076,0
xfer_sink+meta+inflight,107,77,3,38.767,0.9940,0.7019,0
xfer_sink+meta+inflight,108,78,0,38.736,0.9939,0.6985,0
xfer_sink+meta+inflight,108,78,1,37.430,0.9921,0.6946,0
xfer_sink+meta+inflight,108,78,2,36.430,0.9914,0.6912,0
xfer_sink+meta+inflight,108,78,3,36.164,0.9909,0.6871,0
xfer_sink+meta+inflight,109,79,0,35.577,0.9892,0.6950,0
xfer_sink+meta+inflight,109,79,1,34.988,0.9883,0.6947,0
xfer_sink+meta+inflight,109,79,2,34.953,0.9881,0.6959,0
xfer_sink+meta+inflight,109,79,3,34.685,0.9873,0.6956,0
