k,chunk_idx,phase,wall_time_unix,current_step,noise_scale,frames_in,frames_out,vae_encode_ms,dit_ms,vae_decode_ms,end_to_end_chunk_ms,achieved_fps,allocated_boundary_mb,reserved_boundary_mb,peak_allocated_chunk_mb,peak_reserved_chunk_mb,transient_mb,device_used_mb,device_free_mb,kv_cache_physical_mb,kv_cache_logical_mb,crossattn_physical_mb,crossattn_logical_mb,hidden_state_mb,prompt_embeds_physical_mb,vae_feat_cache_mb,session_state_physical_mb
1,0,warmup,1791237065.997,647,0.74727,4,4,142.088,85.156,246.922,476.148,8.401,18431.9,23892.0,20642.3,23892.0,2210.4,24427.7,21030.9,1645.3,1645.3,90.0,90.0,0.190,4.00,2870.5,4610.0
1,1,warmup,1791237066.461,639,0.73988,4,4,142.218,71.457,246.375,461.980,8.658,18433.6,23894.0,20643.0,23894.0,2209.5,24429.7,21028.9,1645.3,1645.3,90.0,90.0,0.190,4.00,2870.5,4610.0
1,2,warmup,1791237066.929,655,0.75532,4,4,142.266,73.915,247.142,465.242,8.598,18436.4,23894.0,20646.8,23894.0,2210.4,24429.7,21028.9,1645.3,1645.3,90.0,90.0,0.190,4.00,2870.5,4610.0
1,3,warmup,1791237067.399,650,0.75018,4,4,142.320,77.448,246.306,467.988,8.547,18437.7,23894.0,20647.1,23894.0,2209.5,24429.7,21028.9,1645.3,1645.3,90.0,90.0,0.190,4.00,2870.5,4610.0
1,4,warmup,1791237067.866,641,0.74193,4,4,142.502,73.497,246.552,464.514,8.611,18440.7,23894.0,20650.0,23894.0,2209.4,24429.7,21028.9,1645.3,1645.3,90.0,90.0,0.190,4.00,2870.5,4610.0
1,5,warmup,1791237068.334,640,0.74005,4,4,142.305,73.680,247.376,465.292,8.597,18440.3,23894.0,20651.7,23894.0,2211.4,24429.7,21028.9,1645.3,1645.3,90.0,90.0,0.190,4.00,2870.5,4610.0
1,6,warmup,1791237068.803,652,0.75287,4,4,142.145,74.703,247.000,465.772,8.588,18444.1,23894.0,20653.5,23894.0,2209.4,24429.7,21028.9,1645.3,1645.3,90.0,90.0,0.190,4.00,2870.5,4610.0
1,7,warmup,1791237069.271,644,0.74466,4,4,142.459,73.444,247.448,465.278,8.597,18446.5,23894.0,20656.9,23894.0,2210.4,24429.7,21028.9,1645.3,1645.3,90.0,90.0,0.190,4.00,2870.5,4610.0
1,8,warmup,1791237069.738,637,0.73786,4,4,142.269,74.251,246.816,465.259,8.597,18448.2,23894.0,20657.6,23894.0,2209.4,24429.7,21028.9,1645.3,1645.3,90.0,90.0,0.190,4.00,2870.5,4610.0
1,9,warmup,1791237070.207,636,0.73683,4,4,142.576,73.964,247.251,465.884,8.586,18450.5,23894.0,20660.9,23894.0,2210.4,24429.7,21028.9,1645.3,1645.3,90.0,90.0,0.190,4.00,2870.5,4610.0
1,10,measured,1791237070.676,623,0.72302,4,4,142.577,74.123,246.897,465.572,8.592,18451.9,23894.0,20661.3,23894.0,2209.4,24429.7,21028.9,1645.3,1645.3,90.0,90.0,0.190,4.00,2870.5,4610.0
1,11,measured,1791237071.144,615,0.71531,4,4,142.726,73.790,247.141,465.568,8.592,18453.4,23894.0,20663.9,23894.0,2210.4,24429.7,21028.9,1645.3,1645.3,90.0,90.0,0.190,4.00,2870.5,4610.0
1,12,measured,1791237071.612,614,0.71489,4,4,142.420,73.227,247.765,465.327,8.596,18454.2,23894.0,20664.6,23894.0,2210.4,24429.7,21028.9,1645.3,1645.3,90.0,90.0,0.190,4.00,2870.5,4610.0
1,13,measured,1791237072.080,601,0.70149,4,4,142.805,74.190,247.196,466.127,8.581,18456.3,23894.0,20666.1,23894.0,2209.8,24429.7,21028.9,1645.3,1645.3,90.0,90.0,0.190,4.00,2870.5,4610.0
1,14,measured,1791237072.548,607,0.70753,4,4,142.597,74.205,246.986,465.686,8.589,18459.8,23894.0,20670.2,23894.0,2210.4,24429.7,21028.9,1645.3,1645.3,90.0,90.0,0.190,4.00,2870.5,4610.0
1,15,measured,1791237073.018,611,0.71130,4,4,142.385,74.892,247.753,466.955,8.566,18458.1,23894.0,20669.2,23894.0,2211.1,24429.7,21028.9,1645.3,1645.3,90.0,90.0,0.190,4.00,2870.5,4610.0
1,16,measured,1791237073.487,620,0.72082,4,4,142.750,74.004,247.600,466.250,8.579,18460.0,23894.0,20669.4,23894.0,2209.4,24429.7,21028.9,1645.3,1645.3,90.0,90.0,0.190,4.00,2870.5,4610.0
1,17,measured,1791237073.956,635,0.73583,4,4,142.680,74.394,247.239,466.259,8.579,18457.8,23894.0,20669.3,23894.0,2211.5,24429.7,21028.9,1645.3,1645.3,90.0,90.0,0.190,4.00,2870.5,4610.0
1,18,measured,1791237074.424,619,0.71976,4,4,142.700,74.033,247.213,465.841,8.587,18458.9,23894.0,20668.3,23894.0,2209.4,24429.7,21028.9,1645.3,1645.3,90.0,90.0,0.190,4.00,2870.5,4610.0
1,19,measured,1791237074.894,601,0.70198,4,4,142.803,74.696,247.629,467.053,8.564,18458.8,23894.0,20669.2,23894.0,2210.4,24429.7,21028.9,1645.3,1645.3,90.0,90.0,0.190,4.00,2870.5,4610.0
1,20,measured,1791237075.362,625,0.72516,4,4,142.673,74.228,247.195,466.019,8.583,18458.5,23894.0,20667.8,23894.0,2209.4,24429.7,21028.9,1645.3,1645.3,90.0,90.0,0.190,4.00,2870.5,4610.0
1,21,measured,1791237075.831,637,0.73767,4,4,142.753,73.986,247.973,466.643,8.572,18458.7,23894.0,20669.1,23894.0,2210.4,24429.7,21028.9,1645.3,1645.3,90.0,90.0,0.190,4.00,2870.5,4610.0
1,22,measured,1791237076.301,652,0.75299,4,4,143.079,74.098,247.419,466.523,8.574,18460.1,23894.0,20669.5,23894.0,2209.4,24429.7,21028.9,1645.3,1645.3,90.0,90.0,0.190,4.00,2870.5,4610.0
1,23,measured,1791237076.770,649,0.74995,4,4,142.759,73.974,247.808,466.466,8.575,18459.3,23894.0,20669.7,23894.0,2210.4,24429.7,21028.9,1645.3,1645.3,90.0,90.0,0.190,4.00,2870.5,4610.0
1,24,measured,1791237077.239,642,0.74261,4,4,142.685,74.904,247.485,467.014,8.565,18459.8,23894.0,20669.2,23894.0,2209.4,24429.7,21028.9,1645.3,1645.3,90.0,90.0,0.190,4.00,2870.5,4610.0
1,25,measured,1791237077.708,640,0.74012,4,4,142.928,73.832,247.384,466.069,8.582,18459.3,23894.0,20669.7,23894.0,2210.4,24429.7,21028.9,1645.3,1645.3,90.0,90.0,0.190,4.00,2870.5,4610.0
1,26,measured,1791237078.177,650,0.75007,4,4,142.716,74.774,247.249,466.667,8.571,18458.0,23894.0,20668.5,23894.0,2210.4,24429.7,21028.9,1645.3,1645.3,90.0,90.0,0.190,4.00,2870.5,4610.0
1,27,measured,1791237078.646,644,0.74438,4,4,142.755,73.934,247.315,465.930,8.585,18458.3,23894.0,20668.7,23894.0,2210.4,24429.7,21028.9,1645.3,1645.3,90.0,90.0,0.190,4.00,2870.5,4610.0
1,28,measured,1791237079.115,638,0.73854,4,4,142.667,74.451,247.999,467.046,8.564,18459.8,23894.0,20669.2,23894.0,2209.4,24429.7,21028.9,1645.3,1645.3,90.0,90.0,0.190,4.00,2870.5,4610.0
1,29,measured,1791237079.585,636,0.73690,4,4,142.976,74.025,247.598,466.530,8.574,18457.1,23894.0,20669.0,23894.0,2211.8,24429.7,21028.9,1645.3,1645.3,90.0,90.0,0.190,4.00,2870.5,4610.0
1,30,measured,1791237080.055,623,0.72303,4,4,143.005,74.862,248.297,468.105,8.545,18459.6,23894.0,20669.0,23894.0,2209.4,24429.7,21028.9,1645.3,1645.3,90.0,90.0,0.190,4.00,2870.5,4610.0
1,31,measured,1791237080.524,619,0.71988,4,4,143.108,73.923,247.625,466.591,8.573,18457.3,23894.0,20668.9,23894.0,2211.6,24429.7,21028.9,1645.3,1645.3,90.0,90.0,0.190,4.00,2870.5,4610.0
1,32,measured,1791237080.995,614,0.71500,4,4,142.778,74.972,247.728,467.477,8.557,18459.8,23894.0,20669.2,23894.0,2209.4,24429.7,21028.9,1645.3,1645.3,90.0,90.0,0.190,4.00,2870.5,4610.0
1,33,measured,1791237081.464,606,0.70677,4,4,143.013,74.467,247.694,467.092,8.564,18459.3,23894.0,20669.7,23894.0,2210.4,24429.7,21028.9,1645.3,1645.3,90.0,90.0,0.190,4.00,2870.5,4610.0
1,34,measured,1791237081.935,600,0.70068,4,4,142.917,74.907,247.808,467.578,8.555,18459.9,23894.0,20669.3,23894.0,2209.4,24429.7,21028.9,1645.3,1645.3,90.0,90.0,0.190,4.00,2870.5,4610.0
1,35,measured,1791237082.403,608,0.70886,4,4,142.949,73.695,247.497,466.108,8.582,18457.9,23894.0,20669.3,23894.0,2211.4,24429.7,21028.9,1645.3,1645.3,90.0,90.0,0.190,4.00,2870.5,4610.0
1,36,measured,1791237082.874,620,0.72057,4,4,143.066,74.793,247.948,467.783,8.551,18458.6,23894.0,20668.1,23894.0,2209.4,24429.7,21028.9,1645.3,1645.3,90.0,90.0,0.190,4.00,2870.5,4610.0
1,37,measured,1791237083.343,625,0.72561,4,4,143.187,73.877,247.826,466.823,8.569,18457.7,23894.0,20668.1,23894.0,2210.4,24429.7,21028.9,1645.3,1645.3,90.0,90.0,0.190,4.00,2870.5,4610.0
1,38,measured,1791237083.813,624,0.72401,4,4,142.986,74.665,247.839,467.441,8.557,18459.9,23894.0,20669.3,23894.0,2209.4,24429.7,21028.9,1645.3,1645.3,90.0,90.0,0.190,4.00,2870.5,4610.0
1,39,measured,1791237084.283,602,0.70240,4,4,143.179,74.155,248.121,467.365,8.559,18459.0,23894.0,20669.4,23894.0,2210.4,24429.7,21028.9,1645.3,1645.3,90.0,90.0,0.190,4.00,2870.5,4610.0
1,40,measured,1791237084.754,609,0.70903,4,4,143.152,74.995,248.004,468.075,8.546,18459.0,23894.0,20668.4,23894.0,2209.4,24429.7,21028.9,1645.3,1645.3,90.0,90.0,0.190,4.00,2870.5,4610.0
1,41,measured,1791237085.223,636,0.73606,4,4,143.180,73.852,248.072,467.039,8.565,18457.6,23894.0,20668.2,23894.0,2210.6,24429.7,21028.9,1645.3,1645.3,90.0,90.0,0.190,4.00,2870.5,4610.0
1,42,measured,1791237085.694,641,0.74193,4,4,143.225,74.937,247.714,467.790,8.551,18457.6,23894.0,20668.0,23894.0,2210.4,24429.7,21028.9,1645.3,1645.3,90.0,90.0,0.190,4.00,2870.5,4610.0
1,43,measured,1791237086.164,648,0.74884,4,4,143.084,73.848,248.033,466.977,8.566,18458.0,23894.0,20669.4,23894.0,2211.4,24429.7,21028.9,1645.3,1645.3,90.0,90.0,0.190,4.00,2870.5,4610.0
1,44,measured,1791237086.635,645,0.74531,4,4,143.142,75.224,248.208,468.476,8.538,18458.8,23894.0,20669.2,23894.0,2210.4,24429.7,21028.9,1645.3,1645.3,90.0,90.0,0.190,4.00,2870.5,4610.0
1,45,measured,1791237087.105,640,0.74039,4,4,143.151,74.469,247.966,467.494,8.556,18457.0,23894.0,20669.0,23894.0,2212.0,24429.7,21028.9,1645.3,1645.3,90.0,90.0,0.190,4.00,2870.5,4610.0
1,46,measured,1791237087.575,642,0.74201,4,4,142.975,75.180,247.750,467.826,8.550,18456.8,23894.0,20667.2,23894.0,2210.4,24429.7,21028.9,1645.3,1645.3,90.0,90.0,0.190,4.00,2870.5,4610.0
1,47,measured,1791237088.045,643,0.74358,4,4,143.313,74.025,248.070,467.350,8.559,18457.1,23894.0,20668.6,23894.0,2211.4,24429.7,21028.9,1645.3,1645.3,90.0,90.0,0.190,4.00,2870.5,4610.0
1,48,measured,1791237088.530,640,0.74022,4,4,143.179,89.255,248.081,482.455,8.291,18457.0,23894.0,20667.4,23894.0,2210.4,24429.7,21028.9,1645.3,1645.3,90.0,90.0,0.190,4.00,2870.5,4610.0
1,49,measured,1791237089.000,637,0.73742,4,4,143.263,74.102,248.083,467.394,8.558,18456.8,23894.0,20668.2,23894.0,2211.4,24429.7,21028.9,1645.3,1645.3,90.0,90.0,0.190,4.00,2870.5,4610.0
1,50,measured,1791237089.472,623,0.72308,4,4,143.340,75.300,248.938,469.523,8.519,18456.8,23894.0,20667.1,23894.0,2210.3,24429.7,21028.9,1645.3,1645.3,90.0,90.0,0.190,4.00,2870.5,4610.0
1,51,measured,1791237089.942,626,0.72621,4,4,143.334,73.781,248.436,467.489,8.556,18458.4,23894.0,20668.8,23894.0,2210.4,24429.7,21028.9,1645.3,1645.3,90.0,90.0,0.190,4.00,2870.5,4610.0
1,52,measured,1791237090.414,615,0.71563,4,4,143.300,75.229,248.272,468.757,8.533,18459.9,23894.0,20669.3,23894.0,2209.4,24429.7,21028.9,1645.3,1645.3,90.0,90.0,0.190,4.00,2870.5,4610.0
1,53,measured,1791237090.885,610,0.71000,4,4,143.376,74.736,248.115,468.159,8.544,18459.6,23894.0,20670.0,23894.0,2210.4,24429.7,21028.9,1645.3,1645.3,90.0,90.0,0.190,4.00,2870.5,4610.0
1,54,measured,1791237091.356,601,0.70100,4,4,143.029,75.258,248.473,468.735,8.534,18458.6,23894.0,20668.8,23894.0,2210.1,24429.7,21028.9,1645.3,1645.3,90.0,90.0,0.190,4.00,2870.5,4610.0
1,55,measured,1791237091.827,608,0.70889,4,4,143.292,74.836,248.598,468.702,8.534,18457.9,23894.0,20668.3,23894.0,2210.4,24429.7,21028.9,1645.3,1645.3,90.0,90.0,0.190,4.00,2870.5,4610.0
1,56,measured,1791237092.299,627,0.72726,4,4,143.403,75.202,248.714,469.269,8.524,18458.7,23894.0,20669.5,23894.0,2210.8,24429.7,21028.9,1645.3,1645.3,90.0,90.0,0.190,4.00,2870.5,4610.0
1,57,measured,1791237092.771,622,0.72241,4,4,143.379,75.307,248.406,469.029,8.528,18457.6,23894.0,20668.0,23894.0,2210.4,24429.7,21028.9,1645.3,1645.3,90.0,90.0,0.190,4.00,2870.5,4610.0
1,58,measured,1791237093.242,625,0.72509,4,4,143.566,74.186,248.574,468.282,8.542,18458.9,23894.0,20668.3,23894.0,2209.4,24429.7,21028.9,1645.3,1645.3,90.0,90.0,0.190,4.00,2870.5,4610.0
1,59,measured,1791237093.714,602,0.70251,4,4,143.272,75.631,248.447,469.283,8.524,18457.5,23894.0,20668.9,23894.0,2211.4,24429.7,21028.9,1645.3,1645.3,90.0,90.0,0.190,4.00,2870.5,4610.0
1,60,measured,1791237094.184,606,0.70658,4,4,143.530,73.992,248.651,468.156,8.544,18459.8,23894.0,20669.2,23894.0,2209.4,24429.7,21028.9,1645.3,1645.3,90.0,90.0,0.190,4.00,2870.5,4610.0
1,61,measured,1791237094.656,637,0.73722,4,4,143.179,75.259,248.490,468.842,8.532,18458.4,23894.0,20669.0,23894.0,2210.5,24429.7,21028.9,1645.3,1645.3,90.0,90.0,0.190,4.00,2870.5,4610.0
1,62,measured,1791237095.128,638,0.73888,4,4,143.637,74.891,248.867,469.328,8.523,18458.6,23894.0,20668.0,23894.0,2209.4,24429.7,21028.9,1645.3,1645.3,90.0,90.0,0.190,4.00,2870.5,4610.0
1,63,measured,1791237095.599,656,0.75680,4,4,143.611,74.688,248.473,468.699,8.534,18459.3,23894.0,20669.7,23894.0,2210.4,24429.7,21028.9,1645.3,1645.3,90.0,90.0,0.190,4.00,2870.5,4610.0
1,64,measured,1791237096.071,650,0.75033,4,4,143.505,74.940,248.654,469.113,8.527,18459.8,23894.0,20669.2,23894.0,2209.4,24429.7,21028.9,1645.3,1645.3,90.0,90.0,0.190,4.00,2870.5,4610.0
1,65,measured,1791237096.543,641,0.74195,4,4,143.700,74.231,249.210,469.089,8.527,18456.9,23894.0,20668.7,23894.0,2211.8,24429.7,21028.9,1645.3,1645.3,90.0,90.0,0.190,4.00,2870.5,4610.0
1,66,measured,1791237097.015,640,0.74005,4,4,143.499,75.820,248.760,470.043,8.510,18459.6,23894.0,20669.0,23894.0,2209.4,24429.7,21028.9,1645.3,1645.3,90.0,90.0,0.190,4.00,2870.5,4610.0
1,67,measured,1791237097.487,643,0.74338,4,4,143.515,75.096,248.859,469.448,8.521,18457.9,23894.0,20669.3,23894.0,2211.4,24429.7,21028.9,1645.3,1645.3,90.0,90.0,0.190,4.00,2870.5,4610.0
1,68,measured,1791237097.959,644,0.74477,4,4,143.618,74.203,248.710,468.509,8.538,18457.9,23894.0,20668.3,23894.0,2210.4,24429.7,21028.9,1645.3,1645.3,90.0,90.0,0.190,4.00,2870.5,4610.0
1,69,measured,1791237098.431,637,0.73788,4,4,143.521,75.278,248.745,469.489,8.520,18458.0,23894.0,20669.4,23894.0,2211.4,24429.7,21028.9,1645.3,1645.3,90.0,90.0,0.190,4.00,2870.5,4610.0
1,70,measured,1791237098.902,623,0.72312,4,4,143.566,74.292,248.709,468.516,8.538,18455.8,23894.0,20667.3,23894.0,2211.5,24429.7,21028.9,1645.3,1645.3,90.0,90.0,0.190,4.00,2870.5,4610.0
1,71,measured,1791237099.375,626,0.72622,4,4,143.403,75.584,248.894,469.801,8.514,18458.8,23894.0,20670.2,23894.0,2211.4,24429.7,21028.9,1645.3,1645.3,90.0,90.0,0.190,4.00,2870.5,4610.0
1,72,measured,1791237099.847,615,0.71563,4,4,143.514,74.900,249.094,469.476,8.520,18459.1,23894.0,20669.5,23894.0,2210.4,24429.7,21028.9,1645.3,1645.3,90.0,90.0,0.190,4.00,2870.5,4610.0
1,73,measured,1791237100.319,614,0.71492,4,4,143.706,74.346,249.037,469.035,8.528,18457.4,23894.0,20669.0,23894.0,2211.6,24429.7,21028.9,1645.3,1645.3,90.0,90.0,0.190,4.00,2870.5,4610.0
1,74,measured,1791237100.792,601,0.70149,4,4,143.556,75.942,249.153,470.622,8.499,18458.3,23894.0,20667.8,23894.0,2209.5,24429.7,21028.9,1645.3,1645.3,90.0,90.0,0.190,4.00,2870.5,4610.0
1,75,measured,1791237101.263,608,0.70894,4,4,143.741,74.197,248.962,468.909,8.530,18458.3,23894.0,20668.8,23894.0,2210.4,24429.7,21028.9,1645.3,1645.3,90.0,90.0,0.190,4.00,2870.5,4610.0
1,76,measured,1791237101.737,622,0.72269,4,4,143.893,75.483,249.076,470.445,8.503,18460.0,23894.0,20669.3,23894.0,2209.4,24429.7,21028.9,1645.3,1645.3,90.0,90.0,0.190,4.00,2870.5,4610.0
1,77,measured,1791237102.209,621,0.72196,4,4,143.671,75.313,248.944,469.900,8.512,18457.3,23894.0,20669.1,23894.0,2211.7,24429.7,21028.9,1645.3,1645.3,90.0,90.0,0.190,4.00,2870.5,4610.0
1,78,measured,1791237102.682,625,0.72505,4,4,143.871,74.836,249.111,469.737,8.515,18459.5,23894.0,20668.9,23894.0,2209.4,24429.7,21028.9,1645.3,1645.3,90.0,90.0,0.190,4.00,2870.5,4610.0
1,79,measured,1791237103.154,602,0.70250,4,4,143.704,75.301,249.014,470.007,8.511,18459.1,23894.0,20669.5,23894.0,2210.4,24429.7,21028.9,1645.3,1645.3,90.0,90.0,0.190,4.00,2870.5,4610.0
1,80,measured,1791237103.628,600,0.70025,4,4,143.785,75.340,249.268,470.322,8.505,18458.5,23894.0,20668.3,23894.0,2209.8,24429.7,21028.9,1645.3,1645.3,90.0,90.0,0.190,4.00,2870.5,4610.0
1,81,measured,1791237104.100,637,0.73729,4,4,143.857,74.572,249.273,469.678,8.516,18458.3,23894.0,20668.7,23894.0,2210.4,24429.7,21028.9,1645.3,1645.3,90.0,90.0,0.190,4.00,2870.5,4610.0
1,82,measured,1791237104.574,638,0.73889,4,4,143.779,75.662,249.461,470.848,8.495,18457.8,23894.0,20667.2,23894.0,2209.4,24429.7,21028.9,1645.3,1645.3,90.0,90.0,0.190,4.00,2870.5,4610.0
1,83,measured,1791237105.046,655,0.75522,4,4,143.858,75.429,249.058,470.304,8.505,18458.1,23894.0,20668.5,23894.0,2210.4,24429.7,21028.9,1645.3,1645.3,90.0,90.0,0.190,4.00,2870.5,4610.0
1,84,measured,1791237105.520,650,0.75017,4,4,143.973,74.845,249.710,470.479,8.502,18458.9,23894.0,20668.3,23894.0,2209.4,24429.7,21028.9,1645.3,1645.3,90.0,90.0,0.190,4.00,2870.5,4610.0
1,85,measured,1791237105.993,641,0.74193,4,4,143.597,75.728,249.470,470.756,8.497,18458.9,23894.0,20669.7,23894.0,2210.8,24429.7,21028.9,1645.3,1645.3,90.0,90.0,0.190,4.00,2870.5,4610.0
1,86,measured,1791237106.467,640,0.74005,4,4,143.991,75.647,249.915,471.559,8.482,18459.8,23894.0,20669.2,23894.0,2209.4,24429.7,21028.9,1645.3,1645.3,90.0,90.0,0.190,4.00,2870.5,4610.0
1,87,measured,1791237106.941,652,0.75287,4,4,144.118,75.145,249.318,470.528,8.501,18458.1,23894.0,20668.7,23894.0,2210.6,24429.7,21028.9,1645.3,1645.3,90.0,90.0,0.190,4.00,2870.5,4610.0
1,88,measured,1791237107.413,644,0.74466,4,4,143.892,75.412,248.599,469.844,8.513,18459.0,23894.0,20668.4,23894.0,2209.4,24429.7,21028.9,1645.3,1645.3,90.0,90.0,0.190,4.00,2870.5,4610.0
1,89,measured,1791237107.886,637,0.73786,4,4,143.581,75.765,248.497,469.818,8.514,18457.9,23894.0,20668.4,23894.0,2210.4,24429.7,21028.9,1645.3,1645.3,90.0,90.0,0.190,4.00,2870.5,4610.0
1,90,measured,1791237108.358,636,0.73683,4,4,143.662,74.968,248.818,469.353,8.522,18460.0,23894.0,20669.4,23894.0,2209.4,24429.7,21028.9,1645.3,1645.3,90.0,90.0,0.190,4.00,2870.5,4610.0
1,91,measured,1791237108.830,623,0.72302,4,4,143.386,75.296,248.633,469.282,8.524,18457.8,23894.0,20669.2,23894.0,2211.3,24429.7,21028.9,1645.3,1645.3,90.0,90.0,0.190,4.00,2870.5,4610.0
1,92,measured,1791237109.301,615,0.71531,4,4,143.632,74.185,248.777,468.568,8.537,18458.9,23894.0,20668.3,23894.0,2209.4,24429.7,21028.9,1645.3,1645.3,90.0,90.0,0.190,4.00,2870.5,4610.0
1,93,measured,1791237109.786,614,0.71489,4,4,143.844,87.894,248.687,482.395,8.292,18458.5,23894.0,20668.9,23894.0,2210.4,24429.7,21028.9,1645.3,1645.3,90.0,90.0,0.190,4.00,2870.5,4610.0
1,94,measured,1791237110.259,601,0.70149,4,4,143.637,74.990,249.068,469.675,8.517,18458.7,23894.0,20668.1,23894.0,2209.4,24429.7,21028.9,1645.3,1645.3,90.0,90.0,0.190,4.00,2870.5,4610.0
1,95,measured,1791237110.731,607,0.70753,4,4,143.487,75.336,248.604,469.423,8.521,18457.5,23894.0,20668.0,23894.0,2210.4,24429.7,21028.9,1645.3,1645.3,90.0,90.0,0.190,4.00,2870.5,4610.0
1,96,measured,1791237111.202,611,0.71130,4,4,143.472,74.510,248.772,468.719,8.534,18458.7,23894.0,20668.1,23894.0,2209.4,24429.7,21028.9,1645.3,1645.3,90.0,90.0,0.190,4.00,2870.5,4610.0
1,97,measured,1791237111.675,620,0.72082,4,4,143.667,75.298,249.047,469.959,8.511,18458.4,23894.0,20668.8,23894.0,2210.4,24429.7,21028.9,1645.3,1645.3,90.0,90.0,0.190,4.00,2870.5,4610.0
1,98,measured,1791237112.148,635,0.73583,4,4,143.643,75.795,248.984,470.456,8.502,18457.9,23894.0,20668.3,23894.0,2210.4,24429.7,21028.9,1645.3,1645.3,90.0,90.0,0.190,4.00,2870.5,4610.0
1,99,measured,1791237112.620,619,0.71976,4,4,143.728,74.617,249.068,469.364,8.522,18458.9,23894.0,20669.7,23894.0,2210.8,24429.7,21028.9,1645.3,1645.3,90.0,90.0,0.190,4.00,2870.5,4610.0
1,100,measured,1791237113.093,601,0.70198,4,4,143.753,75.419,248.973,470.116,8.509,18459.8,23894.0,20669.2,23894.0,2209.4,24429.7,21028.9,1645.3,1645.3,90.0,90.0,0.190,4.00,2870.5,4610.0
1,101,measured,1791237113.566,625,0.72516,4,4,143.817,75.543,248.832,470.154,8.508,18458.4,23894.0,20669.0,23894.0,2210.6,24429.7,21028.9,1645.3,1645.3,90.0,90.0,0.190,4.00,2870.5,4610.0
1,102,measured,1791237114.039,637,0.73767,4,4,143.834,74.646,249.171,469.642,8.517,18459.6,23894.0,20669.0,23894.0,2209.4,24429.7,21028.9,1645.3,1645.3,90.0,90.0,0.190,4.00,2870.5,4610.0
1,103,measured,1791237114.511,652,0.75299,4,4,143.656,75.371,248.963,469.959,8.511,18457.7,23894.0,20669.0,23894.0,2211.3,24429.7,21028.9,1645.3,1645.3,90.0,90.0,0.190,4.00,2870.5,4610.0
1,104,measured,1791237114.984,649,0.74995,4,4,143.466,75.672,248.991,470.101,8.509,18456.1,23894.0,20667.1,23894.0,2211.0,24429.7,21028.9,1645.3,1645.3,90.0,90.0,0.190,4.00,2870.5,4610.0
1,105,measured,1791237115.456,642,0.74261,4,4,143.813,74.172,248.858,468.779,8.533,18457.2,23894.0,20668.6,23894.0,2211.4,24429.7,21028.9,1645.3,1645.3,90.0,90.0,0.190,4.00,2870.5,4610.0
1,106,measured,1791237115.929,640,0.74012,4,4,143.763,75.463,248.905,470.099,8.509,18459.2,23894.0,20668.6,23894.0,2209.4,24429.7,21028.9,1645.3,1645.3,90.0,90.0,0.190,4.00,2870.5,4610.0
1,107,measured,1791237116.401,650,0.75007,4,4,143.817,74.635,248.983,469.344,8.523,18457.8,23894.0,20668.2,23894.0,2210.4,24429.7,21028.9,1645.3,1645.3,90.0,90.0,0.190,4.00,2870.5,4610.0
1,108,measured,1791237116.874,644,0.74438,4,4,143.810,75.206,249.169,470.170,8.508,18459.5,23894.0,20669.3,23894.0,2209.8,24429.7,21028.9,1645.3,1645.3,90.0,90.0,0.190,4.00,2870.5,4610.0
1,109,measured,1791237117.347,638,0.73854,4,4,143.722,75.965,248.922,470.551,8.501,18458.5,23894.0,20670.0,23894.0,2211.4,24429.7,21028.9,1645.3,1645.3,90.0,90.0,0.190,4.00,2870.5,4610.0
2,0,warmup,1791237189.665,647,0.74727,4,0,143.133,121.926,,265.707,15.054,20078.6,24824.0,22289.8,24824.0,2211.2,25361.7,20096.9,3290.6,3290.6,90.0,180.0,0.381,8.00,2870.5,6259.5
2,1,warmup,1791237190.181,639,0.73988,4,4,142.975,119.480,248.551,512.963,7.798,20083.0,25560.0,22293.5,25560.0,2210.5,26097.7,19360.9,3290.6,3290.6,90.0,180.0,0.381,8.00,2870.5,6259.5
2,2,warmup,1791237190.700,655,0.75532,4,4,143.041,124.212,247.819,517.006,7.737,20086.4,25560.0,22295.7,25560.0,2209.4,26097.7,19360.9,3290.6,3290.6,90.0,180.0,0.381,8.00,2870.5,6259.5
2,3,warmup,1791237191.226,650,0.75018,4,4,142.940,130.129,248.052,523.304,7.644,20087.3,25560.0,22297.7,25560.0,2210.4,26097.7,19360.9,3290.6,3290.6,90.0,180.0,0.381,8.00,2870.5,6259.5
2,4,warmup,1791237191.752,641,0.74193,4,4,143.113,130.020,248.067,523.202,7.645,20088.9,25560.0,22298.3,25560.0,2209.4,26097.7,19360.9,3290.6,3290.6,90.0,180.0,0.381,8.00,2870.5,6259.5
2,5,warmup,1791237192.274,640,0.74005,4,4,142.959,126.009,248.304,519.252,7.703,20090.0,25560.0,22301.4,25560.0,2211.4,26097.7,19360.9,3290.6,3290.6,90.0,180.0,0.381,8.00,2870.5,6259.5
2,6,warmup,1791237192.798,652,0.75287,4,4,142.951,127.107,248.287,520.340,7.687,20092.1,25560.0,22301.5,25560.0,2209.4,26097.7,19360.9,3290.6,3290.6,90.0,180.0,0.381,8.00,2870.5,6259.5
2,7,warmup,1791237193.320,644,0.74466,4,4,143.455,125.812,248.363,519.772,7.696,20093.6,25560.0,22304.0,25560.0,2210.4,26097.7,19360.9,3290.6,3290.6,90.0,180.0,0.381,8.00,2870.5,6259.5
2,8,warmup,1791237193.842,637,0.73786,4,4,143.253,125.678,248.288,519.183,7.704,20095.7,25560.0,22305.1,25560.0,2209.4,26097.7,19360.9,3290.6,3290.6,90.0,180.0,0.381,8.00,2870.5,6259.5
2,9,warmup,1791237194.366,636,0.73683,4,4,143.288,126.890,248.516,520.663,7.683,20098.2,25560.0,22308.7,25560.0,2210.4,26097.7,19360.9,3290.6,3290.6,90.0,180.0,0.381,8.00,2870.5,6259.5
2,10,measured,1791237194.888,623,0.72302,4,4,143.287,126.456,248.390,520.040,7.692,20098.7,25560.0,22310.1,25560.0,2211.4,26097.7,19360.9,3290.6,3290.6,90.0,180.0,0.381,8.00,2870.5,6259.5
2,11,measured,1791237195.413,615,0.71531,4,4,143.189,126.103,248.608,519.866,7.694,20101.3,25560.0,22310.8,25560.0,2209.5,26097.7,19360.9,3290.6,3290.6,90.0,180.0,0.381,8.00,2870.5,6259.5
2,12,measured,1791237195.936,614,0.71489,4,4,143.411,125.992,248.484,519.893,7.694,20104.0,25560.0,22314.3,25560.0,2210.4,26097.7,19360.9,3290.6,3290.6,90.0,180.0,0.381,8.00,2870.5,6259.5
2,13,measured,1791237196.458,601,0.70149,4,4,143.418,125.559,248.599,519.494,7.700,20103.8,25560.0,22313.3,25560.0,2209.5,26097.7,19360.9,3290.6,3290.6,90.0,180.0,0.381,8.00,2870.5,6259.5
2,14,measured,1791237196.981,607,0.70753,4,4,143.447,125.874,248.866,520.109,7.691,20107.0,25560.0,22318.3,25560.0,2211.4,26097.7,19360.9,3290.6,3290.6,90.0,180.0,0.381,8.00,2870.5,6259.5
2,15,measured,1791237197.504,611,0.71130,4,4,143.787,125.948,248.693,520.376,7.687,20106.3,25560.0,22317.1,25560.0,2210.8,26097.7,19360.9,3290.6,3290.6,90.0,180.0,0.381,8.00,2870.5,6259.5
2,16,measured,1791237198.027,620,0.72082,4,4,143.404,125.984,248.646,519.980,7.693,20107.5,25560.0,22316.9,25560.0,2209.4,26097.7,19360.9,3290.6,3290.6,90.0,180.0,0.381,8.00,2870.5,6259.5
2,17,measured,1791237198.551,635,0.73583,4,4,143.612,126.599,249.061,521.239,7.674,20107.7,25560.0,22318.2,25560.0,2210.4,26097.7,19360.9,3290.6,3290.6,90.0,180.0,0.381,8.00,2870.5,6259.5
2,18,measured,1791237199.075,619,0.71976,4,4,143.528,126.440,249.240,521.143,7.675,20107.8,26296.0,22317.2,26296.0,2209.4,26833.7,18624.9,3290.6,3290.6,90.0,180.0,0.381,8.00,2870.5,6259.5
2,19,measured,1791237199.598,601,0.70198,4,4,143.712,125.909,248.824,520.351,7.687,20106.1,26296.0,22317.5,26296.0,2211.4,26833.7,18624.9,3290.6,3290.6,90.0,180.0,0.381,8.00,2870.5,6259.5
2,20,measured,1791237200.121,625,0.72516,4,4,143.421,126.143,248.893,520.382,7.687,20105.7,26296.0,22316.3,26296.0,2210.6,26833.7,18624.9,3290.6,3290.6,90.0,180.0,0.381,8.00,2870.5,6259.5
2,21,measured,1791237200.645,637,0.73767,4,4,143.609,126.910,248.973,521.420,7.671,20107.0,26296.0,22317.4,26296.0,2210.4,26833.7,18624.9,3290.6,3290.6,90.0,180.0,0.381,8.00,2870.5,6259.5
2,22,measured,1791237201.170,652,0.75299,4,4,143.781,127.041,249.237,522.128,7.661,20108.5,26296.0,22317.9,26296.0,2209.4,26833.7,18624.9,3290.6,3290.6,90.0,180.0,0.381,8.00,2870.5,6259.5
2,23,measured,1791237201.694,649,0.74995,4,4,143.387,127.715,249.050,522.109,7.661,20107.0,26296.0,22317.7,26296.0,2210.7,26833.7,18624.9,3290.6,3290.6,90.0,180.0,0.381,8.00,2870.5,6259.5
2,24,measured,1791237202.218,642,0.74261,4,4,143.788,126.122,249.218,521.091,7.676,20107.3,26296.0,22316.7,26296.0,2209.4,26833.7,18624.9,3290.6,3290.6,90.0,180.0,0.381,8.00,2870.5,6259.5
2,25,measured,1791237202.742,640,0.74012,4,4,143.776,126.348,249.306,521.403,7.672,20107.5,26296.0,22317.9,26296.0,2210.4,26833.7,18624.9,3290.6,3290.6,90.0,180.0,0.381,8.00,2870.5,6259.5
2,26,measured,1791237203.267,650,0.75007,4,4,143.699,127.371,249.208,522.357,7.658,20108.3,26296.0,22317.6,26296.0,2209.4,26833.7,18624.9,3290.6,3290.6,90.0,180.0,0.381,8.00,2870.5,6259.5
2,27,measured,1791237203.792,644,0.74438,4,4,143.589,127.934,249.423,522.888,7.650,20107.5,26296.0,22317.9,26296.0,2210.4,26833.7,18624.9,3290.6,3290.6,90.0,180.0,0.381,8.00,2870.5,6259.5
2,28,measured,1791237204.318,638,0.73854,4,4,143.636,127.891,249.286,522.775,7.651,20105.2,26296.0,22316.6,26296.0,2211.4,26833.7,18624.9,3290.6,3290.6,90.0,180.0,0.381,8.00,2870.5,6259.5
2,29,measured,1791237204.843,636,0.73690,4,4,143.645,127.401,249.526,522.470,7.656,20107.1,26296.0,22317.9,26296.0,2210.8,26833.7,18624.9,3290.6,3290.6,90.0,180.0,0.381,8.00,2870.5,6259.5
2,30,measured,1791237205.369,623,0.72303,4,4,143.694,128.312,249.321,523.260,7.644,20107.5,26296.0,22316.9,26296.0,2209.4,26833.7,18624.9,3290.6,3290.6,90.0,180.0,0.381,8.00,2870.5,6259.5
2,31,measured,1791237205.894,619,0.71988,4,4,143.491,127.161,249.539,522.103,7.661,20105.7,26296.0,22316.7,26296.0,2211.0,26833.7,18624.9,3290.6,3290.6,90.0,180.0,0.381,8.00,2870.5,6259.5
2,32,measured,1791237206.418,614,0.71500,4,4,143.881,126.416,249.303,521.583,7.669,20106.7,26296.0,22316.1,26296.0,2209.4,26833.7,18624.9,3290.6,3290.6,90.0,180.0,0.381,8.00,2870.5,6259.5
2,33,measured,1791237206.942,606,0.70677,4,4,143.851,126.460,249.614,521.857,7.665,20105.5,26296.0,22315.9,26296.0,2210.4,26833.7,18624.9,3290.6,3290.6,90.0,180.0,0.381,8.00,2870.5,6259.5
2,34,measured,1791237207.469,600,0.70068,4,4,144.012,128.267,249.737,524.061,7.633,20107.0,26296.0,22316.4,26296.0,2209.4,26833.7,18624.9,3290.6,3290.6,90.0,180.0,0.381,8.00,2870.5,6259.5
2,35,measured,1791237207.994,608,0.70886,4,4,143.743,126.886,249.550,522.068,7.662,20107.1,26296.0,22317.5,26296.0,2210.4,26833.7,18624.9,3290.6,3290.6,90.0,180.0,0.381,8.00,2870.5,6259.5
2,36,measured,1791237208.519,620,0.72057,4,4,144.097,127.512,249.197,522.698,7.653,20107.9,26296.0,22317.3,26296.0,2209.4,26833.7,18624.9,3290.6,3290.6,90.0,180.0,0.381,8.00,2870.5,6259.5
2,37,measured,1791237209.042,625,0.72561,4,4,143.575,126.053,248.773,520.288,7.688,20106.5,26296.0,22317.0,26296.0,2210.5,26833.7,18624.9,3290.6,3290.6,90.0,180.0,0.381,8.00,2870.5,6259.5
2,38,measured,1791237209.566,624,0.72401,4,4,143.514,127.178,248.661,521.274,7.674,20106.1,26296.0,22315.6,26296.0,2209.5,26833.7,18624.9,3290.6,3290.6,90.0,180.0,0.381,8.00,2870.5,6259.5
2,39,measured,1791237210.089,602,0.70240,4,4,143.483,126.731,248.950,521.057,7.677,20107.7,26296.0,22318.2,26296.0,2210.4,26833.7,18624.9,3290.6,3290.6,90.0,180.0,0.381,8.00,2870.5,6259.5
2,40,measured,1791237210.613,609,0.70903,4,4,143.766,126.180,249.012,520.922,7.679,20107.1,26296.0,22317.5,26296.0,2210.4,26833.7,18624.9,3290.6,3290.6,90.0,180.0,0.381,8.00,2870.5,6259.5
2,41,measured,1791237211.137,636,0.73606,4,4,143.742,126.230,248.877,521.207,7.674,20106.7,26296.0,22317.2,26296.0,2210.4,26833.7,18624.9,3290.6,3290.6,90.0,180.0,0.381,8.00,2870.5,6259.5
2,42,measured,1791237211.661,641,0.74193,4,4,143.639,127.380,248.931,521.896,7.664,20108.2,26296.0,22317.6,26296.0,2209.4,26833.7,18624.9,3290.6,3290.6,90.0,180.0,0.381,8.00,2870.5,6259.5
2,43,measured,1791237212.187,648,0.74884,4,4,143.774,127.788,249.114,522.626,7.654,20107.7,26296.0,22318.2,26296.0,2210.4,26833.7,18624.9,3290.6,3290.6,90.0,180.0,0.381,8.00,2870.5,6259.5
2,44,measured,1791237212.712,645,0.74531,4,4,143.449,127.901,249.179,522.431,7.657,20107.1,26296.0,22316.9,26296.0,2209.8,26833.7,18624.9,3290.6,3290.6,90.0,180.0,0.381,8.00,2870.5,6259.5
2,45,measured,1791237213.236,640,0.74039,4,4,143.569,127.266,249.140,521.921,7.664,20105.6,26296.0,22317.0,26296.0,2211.4,26833.7,18624.9,3290.6,3290.6,90.0,180.0,0.381,8.00,2870.5,6259.5
2,46,measured,1791237213.760,642,0.74201,4,4,143.615,126.250,249.306,521.117,7.676,20107.0,26296.0,22316.4,26296.0,2209.4,26833.7,18624.9,3290.6,3290.6,90.0,180.0,0.381,8.00,2870.5,6259.5
2,47,measured,1791237214.285,643,0.74358,4,4,143.608,127.995,249.010,522.585,7.654,20106.2,26296.0,22316.6,26296.0,2210.4,26833.7,18624.9,3290.6,3290.6,90.0,180.0,0.381,8.00,2870.5,6259.5
2,48,measured,1791237214.823,640,0.74022,4,4,143.474,141.085,248.990,535.499,7.470,20108.0,26296.0,22317.4,26296.0,2209.4,26833.7,18624.9,3290.6,3290.6,90.0,180.0,0.381,8.00,2870.5,6259.5
2,49,measured,1791237215.361,637,0.73742,4,4,143.586,140.788,249.121,535.441,7.470,20106.6,26296.0,22317.1,26296.0,2210.5,26833.7,18624.9,3290.6,3290.6,90.0,180.0,0.381,8.00,2870.5,6259.5
2,50,measured,1791237215.886,623,0.72308,4,4,143.686,126.948,249.254,521.823,7.665,20107.0,26296.0,22316.4,26296.0,2209.4,26833.7,18624.9,3290.6,3290.6,90.0,180.0,0.381,8.00,2870.5,6259.5
2,51,measured,1791237216.411,626,0.72621,4,4,143.448,128.154,249.141,522.694,7.653,20107.7,26296.0,22318.2,26296.0,2210.4,26833.7,18624.9,3290.6,3290.6,90.0,180.0,0.381,8.00,2870.5,6259.5
2,52,measured,1791237216.935,615,0.71563,4,4,143.727,126.454,249.148,521.245,7.674,20108.0,26296.0,22317.4,26296.0,2209.4,26833.7,18624.9,3290.6,3290.6,90.0,180.0,0.381,8.00,2870.5,6259.5
2,53,measured,1791237217.459,610,0.71000,4,4,143.632,127.448,249.198,522.202,7.660,20105.9,26296.0,22317.1,26296.0,2211.2,26833.7,18624.9,3290.6,3290.6,90.0,180.0,0.381,8.00,2870.5,6259.5
2,54,measured,1791237217.984,601,0.70100,4,4,143.679,126.761,249.419,521.784,7.666,20107.0,26296.0,22316.4,26296.0,2209.4,26833.7,18624.9,3290.6,3290.6,90.0,180.0,0.381,8.00,2870.5,6259.5
2,55,measured,1791237218.508,608,0.70889,4,4,143.641,127.021,249.321,521.880,7.665,20106.9,26296.0,22317.3,26296.0,2210.4,26833.7,18624.9,3290.6,3290.6,90.0,180.0,0.381,8.00,2870.5,6259.5
2,56,measured,1791237219.033,627,0.72726,4,4,143.792,126.935,249.364,522.032,7.662,20106.7,26296.0,22316.1,26296.0,2209.4,26833.7,18624.9,3290.6,3290.6,90.0,180.0,0.381,8.00,2870.5,6259.5
2,57,measured,1791237219.558,622,0.72241,4,4,143.842,127.418,249.257,522.464,7.656,20106.5,26296.0,22317.3,26296.0,2210.8,26833.7,18624.9,3290.6,3290.6,90.0,180.0,0.381,8.00,2870.5,6259.5
2,58,measured,1791237220.083,625,0.72509,4,4,143.745,126.815,249.463,521.954,7.664,20107.9,26296.0,22317.3,26296.0,2209.4,26833.7,18624.9,3290.6,3290.6,90.0,180.0,0.381,8.00,2870.5,6259.5
2,59,measured,1791237220.609,602,0.70251,4,4,143.706,128.770,249.449,523.907,7.635,20106.5,26296.0,22317.0,26296.0,2210.6,26833.7,18624.9,3290.6,3290.6,90.0,180.0,0.381,8.00,2870.5,6259.5
2,60,measured,1791237221.134,606,0.70658,4,4,143.865,126.842,249.450,522.090,7.662,20107.3,26296.0,22316.6,26296.0,2209.4,26833.7,18624.9,3290.6,3290.6,90.0,180.0,0.381,8.00,2870.5,6259.5
2,61,measured,1791237221.658,637,0.73722,4,4,143.927,126.508,249.492,521.861,7.665,20107.1,26296.0,22317.5,26296.0,2210.4,26833.7,18624.9,3290.6,3290.6,90.0,180.0,0.381,8.00,2870.5,6259.5
2,62,measured,1791237222.184,638,0.73888,4,4,143.980,127.334,249.575,522.864,7.650,20106.7,26296.0,22316.4,26296.0,2209.8,26833.7,18624.9,3290.6,3290.6,90.0,180.0,0.381,8.00,2870.5,6259.5
2,63,measured,1791237222.709,656,0.75680,4,4,143.777,127.264,249.668,522.619,7.654,20107.5,26296.0,22317.9,26296.0,2210.4,26833.7,18624.9,3290.6,3290.6,90.0,180.0,0.381,8.00,2870.5,6259.5
2,64,measured,1791237223.235,650,0.75033,4,4,144.143,127.869,249.501,523.468,7.641,20107.0,26296.0,22316.6,26296.0,2209.6,26833.7,18624.9,3290.6,3290.6,90.0,180.0,0.381,8.00,2870.5,6259.5
2,65,measured,1791237223.760,641,0.74195,4,4,143.788,126.693,249.753,522.166,7.660,20106.2,26296.0,22316.6,26296.0,2210.4,26833.7,18624.9,3290.6,3290.6,90.0,180.0,0.381,8.00,2870.5,6259.5
2,66,measured,1791237224.286,640,0.74005,4,4,143.793,127.944,249.811,523.478,7.641,20108.0,26296.0,22317.4,26296.0,2209.4,26833.7,18624.9,3290.6,3290.6,90.0,180.0,0.381,8.00,2870.5,6259.5
2,67,measured,1791237224.811,643,0.74338,4,4,143.879,127.029,249.570,522.372,7.657,20106.6,26296.0,22317.1,26296.0,2210.5,26833.7,18624.9,3290.6,3290.6,90.0,180.0,0.381,8.00,2870.5,6259.5
2,68,measured,1791237225.337,644,0.74477,4,4,144.055,127.901,249.837,523.722,7.638,20107.4,26296.0,22316.8,26296.0,2209.4,26833.7,18624.9,3290.6,3290.6,90.0,180.0,0.381,8.00,2870.5,6259.5
2,69,measured,1791237225.863,637,0.73788,4,4,144.010,127.404,249.649,522.991,7.648,20106.6,26296.0,22317.0,26296.0,2210.4,26833.7,18624.9,3290.6,3290.6,90.0,180.0,0.381,8.00,2870.5,6259.5
2,70,measured,1791237226.389,623,0.72312,4,4,143.699,128.742,249.694,524.057,7.633,20108.3,26296.0,22317.6,26296.0,2209.4,26833.7,18624.9,3290.6,3290.6,90.0,180.0,0.381,8.00,2870.5,6259.5
2,71,measured,1791237226.915,626,0.72622,4,4,144.134,127.831,249.783,523.689,7.638,20107.7,26296.0,22318.2,26296.0,2210.4,26833.7,18624.9,3290.6,3290.6,90.0,180.0,0.381,8.00,2870.5,6259.5
2,72,measured,1791237227.442,615,0.71563,4,4,143.777,128.428,249.645,523.786,7.637,20106.4,26296.0,22316.9,26296.0,2210.5,26833.7,18624.9,3290.6,3290.6,90.0,180.0,0.381,8.00,2870.5,6259.5
2,73,measured,1791237227.967,614,0.71492,4,4,143.806,127.539,249.782,523.050,7.647,20107.0,26296.0,22317.4,26296.0,2210.4,26833.7,18624.9,3290.6,3290.6,90.0,180.0,0.381,8.00,2870.5,6259.5
2,74,measured,1791237228.495,601,0.70149,4,4,144.005,128.915,249.986,524.808,7.622,20106.5,26296.0,22316.2,26296.0,2209.7,26833.7,18624.9,3290.6,3290.6,90.0,180.0,0.381,8.00,2870.5,6259.5
2,75,measured,1791237229.020,608,0.70894,4,4,143.967,126.865,249.578,522.323,7.658,20107.6,26296.0,22318.0,26296.0,2210.4,26833.7,18624.9,3290.6,3290.6,90.0,180.0,0.381,8.00,2870.5,6259.5
2,76,measured,1791237229.547,622,0.72269,4,4,143.857,128.949,249.580,524.336,7.629,20108.5,26296.0,22317.9,26296.0,2209.4,26833.7,18624.9,3290.6,3290.6,90.0,180.0,0.381,8.00,2870.5,6259.5
2,77,measured,1791237230.072,621,0.72196,4,4,144.185,127.102,249.795,522.995,7.648,20108.0,26296.0,22318.4,26296.0,2210.4,26833.7,18624.9,3290.6,3290.6,90.0,180.0,0.381,8.00,2870.5,6259.5
2,78,measured,1791237230.597,625,0.72505,4,4,143.927,126.865,249.676,522.433,7.656,20107.2,26296.0,22317.1,26296.0,2209.9,26833.7,18624.9,3290.6,3290.6,90.0,180.0,0.381,8.00,2870.5,6259.5
2,79,measured,1791237231.123,602,0.70250,4,4,143.941,127.571,249.928,523.386,7.643,20105.7,26296.0,22316.4,26296.0,2210.7,26833.7,18624.9,3290.6,3290.6,90.0,180.0,0.381,8.00,2870.5,6259.5
2,80,measured,1791237231.649,600,0.70025,4,4,143.973,127.385,249.872,523.188,7.645,20108.0,26296.0,22317.4,26296.0,2209.4,26833.7,18624.9,3290.6,3290.6,90.0,180.0,0.381,8.00,2870.5,6259.5
2,81,measured,1791237232.176,637,0.73729,4,4,144.168,127.949,249.699,523.775,7.637,20106.6,26296.0,22317.1,26296.0,2210.5,26833.7,18624.9,3290.6,3290.6,90.0,180.0,0.381,8.00,2870.5,6259.5
2,82,measured,1791237232.701,638,0.73889,4,4,143.912,127.465,249.851,523.141,7.646,20108.0,26296.0,22317.4,26296.0,2209.4,26833.7,18624.9,3290.6,3290.6,90.0,180.0,0.381,8.00,2870.5,6259.5
2,83,measured,1791237233.228,655,0.75522,4,4,143.959,128.736,249.835,524.439,7.627,20104.7,26296.0,22317.1,26296.0,2212.4,26833.7,18624.9,3290.6,3290.6,90.0,180.0,0.381,8.00,2870.5,6259.5
2,84,measured,1791237233.754,650,0.75017,4,4,144.144,126.968,249.856,522.880,7.650,20107.5,26296.0,22316.9,26296.0,2209.4,26833.7,18624.9,3290.6,3290.6,90.0,180.0,0.381,8.00,2870.5,6259.5
2,85,measured,1791237234.280,641,0.74193,4,4,144.044,127.947,249.872,523.786,7.637,20107.7,26296.0,22318.2,26296.0,2210.4,26833.7,18624.9,3290.6,3290.6,90.0,180.0,0.381,8.00,2870.5,6259.5
2,86,measured,1791237234.808,640,0.74005,4,4,144.003,128.829,249.957,524.741,7.623,20108.3,26296.0,22317.6,26296.0,2209.4,26833.7,18624.9,3290.6,3290.6,90.0,180.0,0.381,8.00,2870.5,6259.5
2,87,measured,1791237235.334,652,0.75287,4,4,144.168,127.471,249.923,523.465,7.641,20107.7,26296.0,22318.2,26296.0,2210.4,26833.7,18624.9,3290.6,3290.6,90.0,180.0,0.381,8.00,2870.5,6259.5
2,88,measured,1791237235.862,644,0.74466,4,4,144.113,129.351,250.293,525.709,7.609,20106.8,26296.0,22316.9,26296.0,2210.1,26833.7,18624.9,3290.6,3290.6,90.0,180.0,0.381,8.00,2870.5,6259.5
2,89,measured,1791237236.388,637,0.73786,4,4,144.159,127.641,249.952,523.691,7.638,20108.0,26296.0,22318.4,26296.0,2210.4,26833.7,18624.9,3290.6,3290.6,90.0,180.0,0.381,8.00,2870.5,6259.5
2,90,measured,1791237236.915,636,0.73683,4,4,144.196,127.384,249.968,523.447,7.642,20108.3,26296.0,22317.6,26296.0,2209.4,26833.7,18624.9,3290.6,3290.6,90.0,180.0,0.381,8.00,2870.5,6259.5
2,91,measured,1791237237.441,623,0.72302,4,4,143.940,127.587,250.054,523.485,7.641,20105.9,26296.0,22317.4,26296.0,2211.5,26833.7,18624.9,3290.6,3290.6,90.0,180.0,0.381,8.00,2870.5,6259.5
2,92,measured,1791237237.972,615,0.71531,4,4,143.932,128.813,250.017,528.912,7.563,20107.9,26296.0,22317.3,26296.0,2209.4,26833.7,18624.9,3290.6,3290.6,90.0,180.0,0.381,8.00,2870.5,6259.5
2,93,measured,1791237238.517,614,0.71489,4,4,144.261,141.163,249.927,541.176,7.391,20107.3,26296.0,22318.1,26296.0,2210.8,26833.7,18624.9,3290.6,3290.6,90.0,180.0,0.381,8.00,2870.5,6259.5
2,94,measured,1791237239.059,601,0.70149,4,4,143.938,141.700,249.876,539.513,7.414,20106.4,26296.0,22316.9,26296.0,2210.5,26833.7,18624.9,3290.6,3290.6,90.0,180.0,0.381,8.00,2870.5,6259.5
2,95,measured,1791237239.586,607,0.70753,4,4,143.894,128.852,249.996,524.696,7.623,20107.1,26296.0,22317.5,26296.0,2210.4,26833.7,18624.9,3290.6,3290.6,90.0,180.0,0.381,8.00,2870.5,6259.5
2,96,measured,1791237240.112,611,0.71130,4,4,144.121,127.308,250.011,523.360,7.643,20107.0,26296.0,22316.4,26296.0,2209.4,26833.7,18624.9,3290.6,3290.6,90.0,180.0,0.381,8.00,2870.5,6259.5
2,97,measured,1791237240.639,620,0.72082,4,4,144.190,127.481,250.156,523.772,7.637,20107.4,26296.0,22317.8,26296.0,2210.4,26833.7,18624.9,3290.6,3290.6,90.0,180.0,0.381,8.00,2870.5,6259.5
2,98,measured,1791237241.166,635,0.73583,4,4,143.931,128.732,249.857,524.423,7.627,20106.7,26296.0,22316.5,26296.0,2209.8,26833.7,18624.9,3290.6,3290.6,90.0,180.0,0.381,8.00,2870.5,6259.5
2,99,measured,1791237241.692,619,0.71976,4,4,144.186,127.461,250.001,523.559,7.640,20106.1,26296.0,22316.9,26296.0,2210.8,26833.7,18624.9,3290.6,3290.6,90.0,180.0,0.381,8.00,2870.5,6259.5
2,100,measured,1791237242.220,601,0.70198,4,4,144.149,128.872,250.090,525.083,7.618,20107.6,26296.0,22317.0,26296.0,2209.4,26833.7,18624.9,3290.6,3290.6,90.0,180.0,0.381,8.00,2870.5,6259.5
2,101,measured,1791237242.746,625,0.72516,4,4,143.947,127.642,250.254,523.763,7.637,20105.2,26296.0,22316.7,26296.0,2211.5,26833.7,18624.9,3290.6,3290.6,90.0,180.0,0.381,8.00,2870.5,6259.5
2,102,measured,1791237243.271,637,0.73767,4,4,144.097,127.104,249.800,522.940,7.649,20106.2,26296.0,22315.6,26296.0,2209.4,26833.7,18624.9,3290.6,3290.6,90.0,180.0,0.381,8.00,2870.5,6259.5
2,103,measured,1791237243.799,652,0.75299,4,4,144.058,128.986,250.185,525.159,7.617,20107.4,26296.0,22317.8,26296.0,2210.4,26833.7,18624.9,3290.6,3290.6,90.0,180.0,0.381,8.00,2870.5,6259.5
2,104,measured,1791237244.325,649,0.74995,4,4,144.114,127.771,249.928,523.730,7.638,20107.0,26296.0,22316.5,26296.0,2209.5,26833.7,18624.9,3290.6,3290.6,90.0,180.0,0.381,8.00,2870.5,6259.5
2,105,measured,1791237244.853,642,0.74261,4,4,144.198,128.528,250.323,525.046,7.618,20107.4,26296.0,22317.8,26296.0,2210.4,26833.7,18624.9,3290.6,3290.6,90.0,180.0,0.381,8.00,2870.5,6259.5
2,106,measured,1791237245.380,640,0.74012,4,4,144.081,128.147,250.140,524.277,7.630,20107.4,26296.0,22316.8,26296.0,2209.4,26833.7,18624.9,3290.6,3290.6,90.0,180.0,0.381,8.00,2870.5,6259.5
2,107,measured,1791237245.907,650,0.75007,4,4,144.226,127.459,250.264,523.892,7.635,20106.4,26296.0,22316.8,26296.0,2210.4,26833.7,18624.9,3290.6,3290.6,90.0,180.0,0.381,8.00,2870.5,6259.5
2,108,measured,1791237246.433,644,0.74438,4,4,144.219,127.436,250.083,523.663,7.639,20106.5,26296.0,22315.9,26296.0,2209.4,26833.7,18624.9,3290.6,3290.6,90.0,180.0,0.381,8.00,2870.5,6259.5
2,109,measured,1791237246.959,638,0.73854,4,4,144.069,127.898,250.143,524.035,7.633,20105.9,26296.0,22317.3,26296.0,2211.4,26833.7,18624.9,3290.6,3290.6,90.0,180.0,0.381,8.00,2870.5,6259.5
3,0,warmup,1791237319.145,647,0.74727,4,0,143.237,170.974,,314.833,12.705,21727.7,26508.0,23939.3,26508.0,2211.6,27045.7,18412.9,4935.9,4935.9,90.0,270.0,0.571,12.00,2870.5,7909.1
3,1,warmup,1791237319.460,639,0.73988,4,0,143.137,169.278,,312.991,12.780,21732.3,26508.0,23937.0,26508.0,2204.7,27045.7,18412.9,4935.9,4935.9,90.0,270.0,0.571,12.00,2870.5,7909.1
3,2,warmup,1791237320.031,655,0.75532,4,4,143.412,174.091,249.033,568.616,7.035,21734.4,27244.0,23944.8,27244.0,2210.4,27781.7,17676.9,4935.9,4935.9,90.0,270.0,0.571,12.00,2870.5,7909.1
3,3,warmup,1791237320.609,650,0.75018,4,4,143.301,181.408,248.457,575.295,6.953,21735.8,27244.0,23946.2,27244.0,2210.4,27781.7,17676.9,4935.9,4935.9,90.0,270.0,0.571,12.00,2870.5,7909.1
3,4,warmup,1791237321.189,641,0.74193,4,4,143.266,183.002,248.703,577.105,6.931,21736.1,27244.0,23946.5,27244.0,2210.4,27781.7,17676.9,4935.9,4935.9,90.0,270.0,0.571,12.00,2870.5,7909.1
3,5,warmup,1791237321.768,640,0.74005,4,4,143.421,182.194,248.653,576.406,6.940,21739.5,27244.0,23949.9,27244.0,2210.4,27781.7,17676.9,4935.9,4935.9,90.0,270.0,0.571,12.00,2870.5,7909.1
3,6,warmup,1791237322.344,652,0.75287,4,4,143.478,178.681,248.761,572.993,6.981,21740.7,27244.0,23951.1,27244.0,2210.4,27781.7,17676.9,4935.9,4935.9,90.0,270.0,0.571,12.00,2870.5,7909.1
3,7,warmup,1791237322.919,644,0.74466,4,4,143.449,178.331,248.835,572.731,6.984,21742.8,27244.0,23954.2,27244.0,2211.4,27781.7,17676.9,4935.9,4935.9,90.0,270.0,0.571,12.00,2870.5,7909.1
3,8,warmup,1791237323.495,637,0.73786,4,4,143.649,178.513,248.465,572.724,6.984,21744.1,27244.0,23954.5,27244.0,2210.4,27781.7,17676.9,4935.9,4935.9,90.0,270.0,0.571,12.00,2870.5,7909.1
3,9,warmup,1791237324.069,636,0.73683,4,4,142.938,178.776,248.253,572.093,6.992,21746.6,27244.0,23958.0,27244.0,2211.4,27781.7,17676.9,4935.9,4935.9,90.0,270.0,0.571,12.00,2870.5,7909.1
3,10,measured,1791237324.644,623,0.72302,4,4,143.252,178.314,248.436,572.087,6.992,21747.9,27244.0,23958.3,27244.0,2210.4,27781.7,17676.9,4935.9,4935.9,90.0,270.0,0.571,12.00,2870.5,7909.1
3,11,measured,1791237325.223,615,0.71531,4,4,146.781,178.610,248.299,575.849,6.946,21750.2,27244.0,23959.6,27244.0,2209.5,27781.7,17676.9,4935.9,4935.9,90.0,270.0,0.571,12.00,2870.5,7909.1
3,12,measured,1791237325.797,614,0.71489,4,4,143.264,177.651,248.505,571.559,6.998,21751.6,27244.0,23961.0,27244.0,2209.4,27781.7,17676.9,4935.9,4935.9,90.0,270.0,0.571,12.00,2870.5,7909.1
3,13,measured,1791237326.372,601,0.70149,4,4,143.368,178.454,248.480,572.411,6.988,21754.2,27244.0,23964.6,27244.0,2210.4,27781.7,17676.9,4935.9,4935.9,90.0,270.0,0.571,12.00,2870.5,7909.1
3,14,measured,1791237326.947,607,0.70753,4,4,143.485,178.674,248.346,572.569,6.986,21756.0,27244.0,23965.4,27244.0,2209.4,27781.7,17676.9,4935.9,4935.9,90.0,270.0,0.571,12.00,2870.5,7909.1
3,15,measured,1791237327.523,611,0.71130,4,4,143.244,178.870,248.583,572.792,6.983,21754.8,27244.0,23965.2,27244.0,2210.4,27781.7,17676.9,4935.9,4935.9,90.0,270.0,0.571,12.00,2870.5,7909.1
3,16,measured,1791237328.098,620,0.72082,4,4,143.309,178.090,248.534,572.058,6.992,21754.3,27244.0,23964.7,27244.0,2210.4,27781.7,17676.9,4935.9,4935.9,90.0,270.0,0.571,12.00,2870.5,7909.1
3,17,measured,1791237328.673,635,0.73583,4,4,143.554,178.083,248.804,572.544,6.986,21754.8,27244.0,23964.3,27244.0,2209.5,27781.7,17676.9,4935.9,4935.9,90.0,270.0,0.571,12.00,2870.5,7909.1
3,18,measured,1791237329.249,619,0.71976,4,4,143.292,179.141,248.628,573.205,6.978,21754.3,27244.0,23964.7,27244.0,2210.4,27781.7,17676.9,4935.9,4935.9,90.0,270.0,0.571,12.00,2870.5,7909.1
3,19,measured,1791237329.824,601,0.70198,4,4,143.311,178.888,248.601,572.861,6.982,21752.2,27244.0,23964.5,27244.0,2212.3,27781.7,17676.9,4935.9,4935.9,90.0,270.0,0.571,12.00,2870.5,7909.1
3,20,measured,1791237330.401,625,0.72516,4,4,143.367,179.338,248.982,573.802,6.971,21755.0,27244.0,23964.4,27244.0,2209.4,27781.7,17676.9,4935.9,4935.9,90.0,270.0,0.571,12.00,2870.5,7909.1
3,21,measured,1791237330.976,637,0.73767,4,4,143.311,178.989,248.820,573.180,6.979,21754.0,27244.0,23964.4,27244.0,2210.4,27781.7,17676.9,4935.9,4935.9,90.0,270.0,0.571,12.00,2870.5,7909.1
3,22,measured,1791237331.552,652,0.75299,4,4,143.442,178.700,248.627,572.922,6.982,21754.3,27244.0,23964.7,27244.0,2210.4,27781.7,17676.9,4935.9,4935.9,90.0,270.0,0.571,12.00,2870.5,7909.1
3,23,measured,1791237332.128,649,0.74995,4,4,143.398,179.218,248.867,573.577,6.974,21753.9,27244.0,23963.5,27244.0,2209.6,27781.7,17676.9,4935.9,4935.9,90.0,270.0,0.571,12.00,2870.5,7909.1
3,24,measured,1791237332.705,642,0.74261,4,4,143.335,179.167,248.876,573.516,6.975,21754.5,27244.0,23963.8,27244.0,2209.4,27781.7,17676.9,4935.9,4935.9,90.0,270.0,0.571,12.00,2870.5,7909.1
3,25,measured,1791237333.281,640,0.74012,4,4,143.597,179.565,248.921,574.207,6.966,21753.4,27244.0,23965.2,27244.0,2211.8,27781.7,17676.9,4935.9,4935.9,90.0,270.0,0.571,12.00,2870.5,7909.1
3,26,measured,1791237333.858,650,0.75007,4,4,143.489,178.853,249.127,573.550,6.974,21752.5,27244.0,23964.0,27244.0,2211.4,27781.7,17676.9,4935.9,4935.9,90.0,270.0,0.571,12.00,2870.5,7909.1
3,27,measured,1791237334.434,644,0.74438,4,4,143.530,179.017,249.018,573.651,6.973,21754.8,27244.0,23965.2,27244.0,2210.4,27781.7,17676.9,4935.9,4935.9,90.0,270.0,0.571,12.00,2870.5,7909.1
3,28,measured,1791237335.011,638,0.73854,4,4,143.716,178.632,249.207,573.884,6.970,21755.3,27244.0,23964.7,27244.0,2209.4,27781.7,17676.9,4935.9,4935.9,90.0,270.0,0.571,12.00,2870.5,7909.1
3,29,measured,1791237335.588,636,0.73690,4,4,143.604,179.446,249.093,574.197,6.966,21753.9,27244.0,23964.5,27244.0,2210.6,27781.7,17676.9,4935.9,4935.9,90.0,270.0,0.571,12.00,2870.5,7909.1
3,30,measured,1791237336.165,623,0.72303,4,4,143.485,179.844,249.073,574.481,6.963,21755.4,27244.0,23964.7,27244.0,2209.4,27781.7,17676.9,4935.9,4935.9,90.0,270.0,0.571,12.00,2870.5,7909.1
3,31,measured,1791237336.742,619,0.71988,4,4,143.585,179.728,248.974,574.358,6.964,21752.9,27244.0,23964.4,27244.0,2211.5,27781.7,17676.9,4935.9,4935.9,90.0,270.0,0.571,12.00,2870.5,7909.1
3,32,measured,1791237337.319,614,0.71500,4,4,143.665,179.536,249.344,574.620,6.961,21754.4,27244.0,23963.8,27244.0,2209.4,27781.7,17676.9,4935.9,4935.9,90.0,270.0,0.571,12.00,2870.5,7909.1
3,33,measured,1791237337.897,606,0.70677,4,4,143.590,179.384,249.453,574.528,6.962,21753.8,27244.0,23964.3,27244.0,2210.4,27781.7,17676.9,4935.9,4935.9,90.0,270.0,0.571,12.00,2870.5,7909.1
3,34,measured,1791237338.473,600,0.70068,4,4,143.623,179.120,249.437,574.296,6.965,21754.4,27244.0,23964.0,27244.0,2209.6,27781.7,17676.9,4935.9,4935.9,90.0,270.0,0.571,12.00,2870.5,7909.1
3,35,measured,1791237339.051,608,0.70886,4,4,143.915,179.079,249.421,574.461,6.963,21754.9,27244.0,23965.3,27244.0,2210.4,27781.7,17676.9,4935.9,4935.9,90.0,270.0,0.571,12.00,2870.5,7909.1
3,36,measured,1791237339.627,620,0.72057,4,4,143.779,179.081,249.240,574.195,6.966,21754.1,27244.0,23963.9,27244.0,2209.9,27781.7,17676.9,4935.9,4935.9,90.0,270.0,0.571,12.00,2870.5,7909.1
3,37,measured,1791237340.205,625,0.72561,4,4,143.625,179.565,249.453,574.731,6.960,21754.9,27244.0,23965.3,27244.0,2210.4,27781.7,17676.9,4935.9,4935.9,90.0,270.0,0.571,12.00,2870.5,7909.1
3,38,measured,1791237340.782,624,0.72401,4,4,143.665,179.424,249.469,574.626,6.961,21754.5,27244.0,23964.0,27244.0,2209.5,27781.7,17676.9,4935.9,4935.9,90.0,270.0,0.571,12.00,2870.5,7909.1
3,39,measured,1791237341.359,602,0.70240,4,4,143.876,179.595,249.208,574.782,6.959,21753.9,27244.0,23964.3,27244.0,2210.4,27781.7,17676.9,4935.9,4935.9,90.0,270.0,0.571,12.00,2870.5,7909.1
3,40,measured,1791237341.937,609,0.70903,4,4,143.757,179.387,249.420,574.612,6.961,21755.0,27244.0,23964.4,27244.0,2209.4,27781.7,17676.9,4935.9,4935.9,90.0,270.0,0.571,12.00,2870.5,7909.1
3,41,measured,1791237342.514,636,0.73606,4,4,143.683,179.185,249.465,574.410,6.964,21754.4,27244.0,23964.8,27244.0,2210.4,27781.7,17676.9,4935.9,4935.9,90.0,270.0,0.571,12.00,2870.5,7909.1
3,42,measured,1791237343.092,641,0.74193,4,4,143.880,179.722,249.729,575.396,6.952,21755.0,27244.0,23964.3,27244.0,2209.4,27781.7,17676.9,4935.9,4935.9,90.0,270.0,0.571,12.00,2870.5,7909.1
3,43,measured,1791237343.670,648,0.74884,4,4,143.801,179.762,249.935,575.581,6.950,21751.6,27244.0,23964.0,27244.0,2212.4,27781.7,17676.9,4935.9,4935.9,90.0,270.0,0.571,12.00,2870.5,7909.1
3,44,measured,1791237344.248,645,0.74531,4,4,143.815,179.568,249.730,575.174,6.954,21753.0,27244.0,23963.4,27244.0,2210.4,27781.7,17676.9,4935.9,4935.9,90.0,270.0,0.571,12.00,2870.5,7909.1
3,45,measured,1791237344.825,640,0.74039,4,4,143.675,179.893,248.927,574.508,6.962,21754.8,27244.0,23965.2,27244.0,2210.4,27781.7,17676.9,4935.9,4935.9,90.0,270.0,0.571,12.00,2870.5,7909.1
3,46,measured,1791237345.401,642,0.74201,4,4,143.322,179.460,249.090,573.924,6.970,21754.4,27244.0,23963.9,27244.0,2209.5,27781.7,17676.9,4935.9,4935.9,90.0,270.0,0.571,12.00,2870.5,7909.1
3,47,measured,1791237345.978,643,0.74358,4,4,143.378,179.491,249.004,573.959,6.969,21752.9,27244.0,23964.3,27244.0,2211.4,27781.7,17676.9,4935.9,4935.9,90.0,270.0,0.571,12.00,2870.5,7909.1
3,48,measured,1791237346.569,640,0.74022,4,4,143.596,193.700,248.989,588.339,6.799,21755.3,27244.0,23964.7,27244.0,2209.4,27781.7,17676.9,4935.9,4935.9,90.0,270.0,0.571,12.00,2870.5,7909.1
3,49,measured,1791237347.159,637,0.73742,4,4,143.617,193.016,248.909,587.655,6.807,21752.2,27244.0,23964.5,27244.0,2212.3,27781.7,17676.9,4935.9,4935.9,90.0,270.0,0.571,12.00,2870.5,7909.1
3,50,measured,1791237347.750,623,0.72308,4,4,143.642,193.427,248.729,587.892,6.804,21754.9,27244.0,23964.3,27244.0,2209.4,27781.7,17676.9,4935.9,4935.9,90.0,270.0,0.571,12.00,2870.5,7909.1
3,51,measured,1791237348.327,626,0.72621,4,4,143.627,179.364,249.041,574.110,6.967,21754.8,27244.0,23965.2,27244.0,2210.4,27781.7,17676.9,4935.9,4935.9,90.0,270.0,0.571,12.00,2870.5,7909.1
3,52,measured,1791237348.903,615,0.71563,4,4,143.570,179.253,248.937,573.852,6.970,21755.4,27244.0,23964.7,27244.0,2209.4,27781.7,17676.9,4935.9,4935.9,90.0,270.0,0.571,12.00,2870.5,7909.1
3,53,measured,1791237349.480,610,0.71000,4,4,143.425,179.611,248.932,574.091,6.968,21754.8,27244.0,23965.2,27244.0,2210.4,27781.7,17676.9,4935.9,4935.9,90.0,270.0,0.571,12.00,2870.5,7909.1
3,54,measured,1791237350.057,601,0.70100,4,4,143.645,179.618,249.109,574.431,6.963,21753.5,27244.0,23964.0,27244.0,2210.4,27781.7,17676.9,4935.9,4935.9,90.0,270.0,0.571,12.00,2870.5,7909.1
3,55,measured,1791237350.633,608,0.70889,4,4,143.528,178.828,248.912,573.280,6.977,21754.8,27244.0,23965.3,27244.0,2210.4,27781.7,17676.9,4935.9,4935.9,90.0,270.0,0.571,12.00,2870.5,7909.1
3,56,measured,1791237351.209,627,0.72726,4,4,143.542,179.019,249.205,573.809,6.971,21754.4,27244.0,23963.9,27244.0,2209.5,27781.7,17676.9,4935.9,4935.9,90.0,270.0,0.571,12.00,2870.5,7909.1
3,57,measured,1791237351.786,622,0.72241,4,4,143.551,179.126,249.115,573.879,6.970,21753.9,27244.0,23964.3,27244.0,2210.4,27781.7,17676.9,4935.9,4935.9,90.0,270.0,0.571,12.00,2870.5,7909.1
3,58,measured,1791237352.363,625,0.72509,4,4,143.677,179.544,249.240,574.479,6.963,21754.4,27244.0,23964.7,27244.0,2210.4,27781.7,17676.9,4935.9,4935.9,90.0,270.0,0.571,12.00,2870.5,7909.1
3,59,measured,1791237352.940,602,0.70251,4,4,143.466,179.678,249.050,574.222,6.966,21754.8,27244.0,23965.2,27244.0,2210.4,27781.7,17676.9,4935.9,4935.9,90.0,270.0,0.571,12.00,2870.5,7909.1
3,60,measured,1791237353.517,606,0.70658,4,4,143.839,179.507,249.217,574.635,6.961,21754.9,27244.0,23964.3,27244.0,2209.4,27781.7,17676.9,4935.9,4935.9,90.0,270.0,0.571,12.00,2870.5,7909.1
3,61,measured,1791237354.094,637,0.73722,4,4,143.710,179.384,249.136,574.330,6.965,21754.0,27244.0,23964.4,27244.0,2210.4,27781.7,17676.9,4935.9,4935.9,90.0,270.0,0.571,12.00,2870.5,7909.1
3,62,measured,1791237354.670,638,0.73888,4,4,143.543,178.973,249.075,573.636,6.973,21754.9,27244.0,23964.3,27244.0,2209.4,27781.7,17676.9,4935.9,4935.9,90.0,270.0,0.571,12.00,2870.5,7909.1
3,63,measured,1791237355.248,656,0.75680,4,4,143.699,179.494,249.273,574.545,6.962,21753.0,27244.0,23964.1,27244.0,2211.1,27781.7,17676.9,4935.9,4935.9,90.0,270.0,0.571,12.00,2870.5,7909.1
3,64,measured,1791237355.825,650,0.75033,4,4,143.837,179.379,249.203,574.535,6.962,21755.4,27244.0,23964.7,27244.0,2209.4,27781.7,17676.9,4935.9,4935.9,90.0,270.0,0.571,12.00,2870.5,7909.1
3,65,measured,1791237356.403,641,0.74195,4,4,143.808,180.114,249.136,575.075,6.956,21753.8,27244.0,23965.2,27244.0,2211.4,27781.7,17676.9,4935.9,4935.9,90.0,270.0,0.571,12.00,2870.5,7909.1
3,66,measured,1791237356.980,640,0.74005,4,4,143.421,180.048,249.065,574.609,6.961,21755.3,27244.0,23964.7,27244.0,2209.4,27781.7,17676.9,4935.9,4935.9,90.0,270.0,0.571,12.00,2870.5,7909.1
3,67,measured,1791237357.557,643,0.74338,4,4,143.571,179.861,249.199,574.710,6.960,21753.9,27244.0,23964.4,27244.0,2210.5,27781.7,17676.9,4935.9,4935.9,90.0,270.0,0.571,12.00,2870.5,7909.1
3,68,measured,1791237358.135,644,0.74477,4,4,143.797,179.996,249.086,574.996,6.957,21754.4,27244.0,23963.8,27244.0,2209.4,27781.7,17676.9,4935.9,4935.9,90.0,270.0,0.571,12.00,2870.5,7909.1
3,69,measured,1791237358.712,637,0.73788,4,4,143.666,179.441,249.224,574.407,6.964,21752.9,27244.0,23964.3,27244.0,2211.4,27781.7,17676.9,4935.9,4935.9,90.0,270.0,0.571,12.00,2870.5,7909.1
3,70,measured,1791237359.289,623,0.72312,4,4,143.674,179.266,249.322,574.345,6.964,21754.5,27244.0,23963.9,27244.0,2209.4,27781.7,17676.9,4935.9,4935.9,90.0,270.0,0.571,12.00,2870.5,7909.1
3,71,measured,1791237359.867,626,0.72622,4,4,143.653,179.760,249.488,575.022,6.956,21754.5,27244.0,23964.9,27244.0,2210.4,27781.7,17676.9,4935.9,4935.9,90.0,270.0,0.571,12.00,2870.5,7909.1
3,72,measured,1791237360.444,615,0.71563,4,4,143.937,179.468,249.610,575.064,6.956,21755.3,27244.0,23964.7,27244.0,2209.4,27781.7,17676.9,4935.9,4935.9,90.0,270.0,0.571,12.00,2870.5,7909.1
3,73,measured,1791237361.022,614,0.71492,4,4,143.898,179.942,249.476,575.401,6.952,21754.9,27244.0,23965.3,27244.0,2210.4,27781.7,17676.9,4935.9,4935.9,90.0,270.0,0.571,12.00,2870.5,7909.1
3,74,measured,1791237361.600,601,0.70149,4,4,143.816,179.913,249.563,575.376,6.952,21755.3,27244.0,23964.7,27244.0,2209.4,27781.7,17676.9,4935.9,4935.9,90.0,270.0,0.571,12.00,2870.5,7909.1
3,75,measured,1791237362.178,608,0.70894,4,4,143.601,179.914,249.607,575.220,6.954,21752.9,27244.0,23964.5,27244.0,2211.6,27781.7,17676.9,4935.9,4935.9,90.0,270.0,0.571,12.00,2870.5,7909.1
3,76,measured,1791237362.756,622,0.72269,4,4,143.615,180.034,249.390,575.152,6.955,21754.0,27244.0,23964.4,27244.0,2210.4,27781.7,17676.9,4935.9,4935.9,90.0,270.0,0.571,12.00,2870.5,7909.1
3,77,measured,1791237363.334,621,0.72196,4,4,143.778,179.772,249.436,575.044,6.956,21752.0,27244.0,23963.1,27244.0,2211.1,27781.7,17676.9,4935.9,4935.9,90.0,270.0,0.571,12.00,2870.5,7909.1
3,78,measured,1791237363.912,625,0.72505,4,4,143.734,180.354,249.325,575.515,6.950,21755.3,27244.0,23964.7,27244.0,2209.4,27781.7,17676.9,4935.9,4935.9,90.0,270.0,0.571,12.00,2870.5,7909.1
3,79,measured,1791237364.489,602,0.70250,4,4,143.777,179.160,249.676,574.711,6.960,21753.9,27244.0,23964.4,27244.0,2210.5,27781.7,17676.9,4935.9,4935.9,90.0,270.0,0.571,12.00,2870.5,7909.1
3,80,measured,1791237365.067,600,0.70025,4,4,143.831,179.702,249.392,575.057,6.956,21755.3,27244.0,23964.7,27244.0,2209.4,27781.7,17676.9,4935.9,4935.9,90.0,270.0,0.571,12.00,2870.5,7909.1
3,81,measured,1791237365.645,637,0.73729,4,4,144.004,179.569,249.713,575.381,6.952,21753.9,27244.0,23964.5,27244.0,2210.6,27781.7,17676.9,4935.9,4935.9,90.0,270.0,0.571,12.00,2870.5,7909.1
3,82,measured,1791237366.223,638,0.73889,4,4,143.754,179.927,249.637,575.385,6.952,21755.3,27244.0,23964.7,27244.0,2209.4,27781.7,17676.9,4935.9,4935.9,90.0,270.0,0.571,12.00,2870.5,7909.1
3,83,measured,1791237366.801,655,0.75522,4,4,143.930,179.632,249.636,575.323,6.953,21753.4,27244.0,23964.5,27244.0,2211.1,27781.7,17676.9,4935.9,4935.9,90.0,270.0,0.571,12.00,2870.5,7909.1
3,84,measured,1791237367.379,650,0.75017,4,4,143.915,179.604,249.553,575.137,6.955,21755.3,27244.0,23964.7,27244.0,2209.4,27781.7,17676.9,4935.9,4935.9,90.0,270.0,0.571,12.00,2870.5,7909.1
3,85,measured,1791237367.957,641,0.74193,4,4,143.587,180.126,249.515,575.352,6.952,21752.0,27244.0,23964.4,27244.0,2212.4,27781.7,17676.9,4935.9,4935.9,90.0,270.0,0.571,12.00,2870.5,7909.1
3,86,measured,1791237368.535,640,0.74005,4,4,143.606,180.003,249.478,575.143,6.955,21753.4,27244.0,23962.8,27244.0,2209.4,27781.7,17676.9,4935.9,4935.9,90.0,270.0,0.571,12.00,2870.5,7909.1
3,87,measured,1791237369.114,652,0.75287,4,4,143.751,180.073,249.614,575.505,6.950,21754.0,27244.0,23964.4,27244.0,2210.4,27781.7,17676.9,4935.9,4935.9,90.0,270.0,0.571,12.00,2870.5,7909.1
3,88,measured,1791237369.692,644,0.74466,4,4,143.911,180.010,249.362,575.373,6.952,21755.3,27244.0,23964.7,27244.0,2209.4,27781.7,17676.9,4935.9,4935.9,90.0,270.0,0.571,12.00,2870.5,7909.1
3,89,measured,1791237370.270,637,0.73786,4,4,143.857,179.659,249.641,575.242,6.954,21754.8,27244.0,23965.2,27244.0,2210.4,27781.7,17676.9,4935.9,4935.9,90.0,270.0,0.571,12.00,2870.5,7909.1
3,90,measured,1791237370.848,636,0.73683,4,4,143.757,179.969,249.594,575.432,6.951,21754.0,27244.0,23963.9,27244.0,2209.9,27781.7,17676.9,4935.9,4935.9,90.0,270.0,0.571,12.00,2870.5,7909.1
3,91,measured,1791237371.425,623,0.72302,4,4,144.042,179.566,249.422,575.086,6.955,21754.8,27244.0,23965.2,27244.0,2210.4,27781.7,17676.9,4935.9,4935.9,90.0,270.0,0.571,12.00,2870.5,7909.1
3,92,measured,1791237372.003,615,0.71531,4,4,143.948,179.637,249.601,575.266,6.953,21753.4,27244.0,23964.0,27244.0,2210.5,27781.7,17676.9,4935.9,4935.9,90.0,270.0,0.571,12.00,2870.5,7909.1
3,93,measured,1791237372.596,614,0.71489,4,4,144.055,194.277,249.326,589.770,6.782,21751.7,27244.0,23963.1,27244.0,2211.4,27781.7,17676.9,4935.9,4935.9,90.0,270.0,0.571,12.00,2870.5,7909.1
3,94,measured,1791237373.188,601,0.70149,4,4,143.718,194.053,249.680,589.499,6.785,21754.3,27244.0,23964.7,27244.0,2210.4,27781.7,17676.9,4935.9,4935.9,90.0,270.0,0.571,12.00,2870.5,7909.1
3,95,measured,1791237373.779,607,0.70753,4,4,143.827,193.423,249.373,588.706,6.795,21752.9,27244.0,23964.5,27244.0,2211.6,27781.7,17676.9,4935.9,4935.9,90.0,270.0,0.571,12.00,2870.5,7909.1
3,96,measured,1791237374.358,611,0.71130,4,4,143.994,180.173,249.667,575.955,6.945,21754.5,27244.0,23963.9,27244.0,2209.4,27781.7,17676.9,4935.9,4935.9,90.0,270.0,0.571,12.00,2870.5,7909.1
3,97,measured,1791237374.936,620,0.72082,4,4,143.824,180.142,249.530,575.563,6.950,21754.4,27244.0,23964.8,27244.0,2210.4,27781.7,17676.9,4935.9,4935.9,90.0,270.0,0.571,12.00,2870.5,7909.1
3,98,measured,1791237375.514,635,0.73583,4,4,143.478,180.449,249.583,575.647,6.949,21755.0,27244.0,23964.3,27244.0,2209.4,27781.7,17676.9,4935.9,4935.9,90.0,270.0,0.571,12.00,2870.5,7909.1
3,99,measured,1791237376.093,619,0.71976,4,4,143.737,180.081,249.539,575.451,6.951,21753.9,27244.0,23964.3,27244.0,2210.4,27781.7,17676.9,4935.9,4935.9,90.0,270.0,0.571,12.00,2870.5,7909.1
3,100,measured,1791237376.671,601,0.70198,4,4,143.806,180.274,249.516,575.682,6.948,21753.5,27244.0,23963.8,27244.0,2210.4,27781.7,17676.9,4935.9,4935.9,90.0,270.0,0.571,12.00,2870.5,7909.1
3,101,measured,1791237377.249,625,0.72516,4,4,143.937,179.937,249.702,575.683,6.948,21753.0,27244.0,23963.6,27244.0,2210.5,27781.7,17676.9,4935.9,4935.9,90.0,270.0,0.571,12.00,2870.5,7909.1
3,102,measured,1791237377.828,637,0.73767,4,4,143.922,180.203,249.627,575.866,6.946,21755.3,27244.0,23964.7,27244.0,2209.4,27781.7,17676.9,4935.9,4935.9,90.0,270.0,0.571,12.00,2870.5,7909.1
3,103,measured,1791237378.406,652,0.75299,4,4,143.762,179.855,249.973,575.648,6.949,21754.8,27244.0,23965.3,27244.0,2210.4,27781.7,17676.9,4935.9,4935.9,90.0,270.0,0.571,12.00,2870.5,7909.1
3,104,measured,1791237378.984,649,0.74995,4,4,143.866,179.515,249.446,574.917,6.958,21753.4,27244.0,23963.9,27244.0,2210.5,27781.7,17676.9,4935.9,4935.9,90.0,270.0,0.571,12.00,2870.5,7909.1
3,105,measured,1791237379.562,642,0.74261,4,4,143.942,179.988,249.613,575.678,6.948,21753.8,27244.0,23964.2,27244.0,2210.4,27781.7,17676.9,4935.9,4935.9,90.0,270.0,0.571,12.00,2870.5,7909.1
3,106,measured,1791237380.141,640,0.74012,4,4,144.139,180.069,249.584,575.904,6.946,21754.5,27244.0,23963.8,27244.0,2209.4,27781.7,17676.9,4935.9,4935.9,90.0,270.0,0.571,12.00,2870.5,7909.1
3,107,measured,1791237380.719,650,0.75007,4,4,143.977,179.610,249.684,575.358,6.952,21754.4,27244.0,23964.8,27244.0,2210.4,27781.7,17676.9,4935.9,4935.9,90.0,270.0,0.571,12.00,2870.5,7909.1
3,108,measured,1791237381.297,644,0.74438,4,4,143.668,179.938,249.612,575.308,6.953,21752.5,27244.0,23963.8,27244.0,2211.4,27781.7,17676.9,4935.9,4935.9,90.0,270.0,0.571,12.00,2870.5,7909.1
3,109,measured,1791237381.875,638,0.73854,4,4,143.823,179.763,249.854,575.563,6.950,21753.9,27244.0,23963.3,27244.0,2209.5,27781.7,17676.9,4935.9,4935.9,90.0,270.0,0.571,12.00,2870.5,7909.1
4,0,warmup,1791237454.325,647,0.74727,4,0,143.106,233.260,,376.982,10.611,23390.3,28860.0,25600.9,28860.0,2210.6,29397.7,16060.9,6581.2,6581.2,90.0,360.0,0.762,16.00,2870.5,9558.6
4,1,warmup,1791237454.702,639,0.73988,4,0,143.213,230.912,,374.696,10.675,23392.3,28860.0,25599.5,28860.0,2207.2,29397.7,16060.9,6581.2,6581.2,90.0,360.0,0.762,16.00,2870.5,9558.6
4,2,warmup,1791237455.086,655,0.75532,4,0,143.171,236.798,,380.556,10.511,23393.8,28860.0,25601.5,28860.0,2207.7,29397.7,16060.9,6581.2,6581.2,90.0,360.0,0.762,16.00,2870.5,9558.6
4,3,warmup,1791237455.727,650,0.75018,4,4,143.447,244.629,248.825,638.996,6.260,23398.4,28860.0,25608.4,28860.0,2210.0,29397.7,16060.9,6581.2,6581.2,90.0,360.0,0.762,16.00,2870.5,9558.6
4,4,warmup,1791237456.371,641,0.74193,4,4,143.292,246.125,248.807,640.403,6.246,23399.4,28860.0,25610.2,28860.0,2210.8,29397.7,16060.9,6581.2,6581.2,90.0,360.0,0.762,16.00,2870.5,9558.6
4,5,warmup,1791237457.016,640,0.74005,4,4,143.302,247.962,248.963,642.582,6.225,23402.8,28860.0,25612.2,28860.0,2209.4,29397.7,16060.9,6581.2,6581.2,90.0,360.0,0.762,16.00,2870.5,9558.6
4,6,warmup,1791237457.660,652,0.75287,4,4,143.412,246.895,248.534,641.121,6.239,23403.1,28860.0,25613.7,28860.0,2210.5,29397.7,16060.9,6581.2,6581.2,90.0,360.0,0.762,16.00,2870.5,9558.6
4,7,warmup,1791237458.305,644,0.74466,4,4,143.386,248.017,248.716,642.152,6.229,23404.9,28860.0,25614.7,28860.0,2209.8,29397.7,16060.9,6581.2,6581.2,90.0,360.0,0.762,16.00,2870.5,9558.6
4,8,warmup,1791237458.951,637,0.73786,4,4,143.637,248.523,249.213,643.420,6.217,23406.5,28860.0,25616.5,28860.0,2210.0,29397.7,16060.9,6581.2,6581.2,90.0,360.0,0.762,16.00,2870.5,9558.6
4,9,warmup,1791237459.591,636,0.73683,4,4,143.471,243.323,248.192,637.091,6.279,23407.5,28860.0,25617.2,28860.0,2209.8,29397.7,16060.9,6581.2,6581.2,90.0,360.0,0.762,16.00,2870.5,9558.6
4,10,measured,1791237460.233,623,0.72302,4,4,143.168,242.990,248.519,636.766,6.282,23410.8,28860.0,25620.9,28860.0,2210.0,29397.7,16060.9,6581.2,6581.2,90.0,360.0,0.762,16.00,2870.5,9558.6
4,11,measured,1791237460.872,615,0.71531,4,4,143.265,242.808,248.398,636.575,6.284,23412.4,28860.0,25622.2,28860.0,2209.8,29397.7,16060.9,6581.2,6581.2,90.0,360.0,0.762,16.00,2870.5,9558.6
4,12,measured,1791237461.511,614,0.71489,4,4,143.177,243.079,248.334,636.724,6.282,23415.2,28860.0,25625.2,28860.0,2210.0,29397.7,16060.9,6581.2,6581.2,90.0,360.0,0.762,16.00,2870.5,9558.6
4,13,measured,1791237462.151,601,0.70149,4,4,143.224,242.801,248.480,636.624,6.283,23417.3,28860.0,25627.1,28860.0,2209.8,29397.7,16060.9,6581.2,6581.2,90.0,360.0,0.762,16.00,2870.5,9558.6
4,14,measured,1791237462.798,607,0.70753,4,4,143.424,246.315,248.456,644.843,6.203,23418.2,28860.0,25629.2,28860.0,2211.0,29397.7,16060.9,6581.2,6581.2,90.0,360.0,0.762,16.00,2870.5,9558.6
4,15,measured,1791237463.441,611,0.71130,4,4,143.062,242.937,248.556,639.007,6.260,23417.1,28860.0,25628.4,28860.0,2211.2,29397.7,16060.9,6581.2,6581.2,90.0,360.0,0.762,16.00,2870.5,9558.6
4,16,measured,1791237464.083,620,0.72082,4,4,143.131,243.029,248.650,639.198,6.258,23417.9,28860.0,25627.9,28860.0,2210.0,29397.7,16060.9,6581.2,6581.2,90.0,360.0,0.762,16.00,2870.5,9558.6
4,17,measured,1791237464.723,635,0.73583,4,4,143.277,242.822,248.774,637.043,6.279,23417.3,28860.0,25627.1,28860.0,2209.8,29397.7,16060.9,6581.2,6581.2,90.0,360.0,0.762,16.00,2870.5,9558.6
4,18,measured,1791237465.364,619,0.71976,4,4,143.498,244.695,248.391,638.704,6.263,23417.3,28860.0,25627.3,28860.0,2210.0,29397.7,16060.9,6581.2,6581.2,90.0,360.0,0.762,16.00,2870.5,9558.6
4,19,measured,1791237466.005,601,0.70198,4,4,143.366,243.796,248.867,638.180,6.268,23418.6,28860.0,25628.4,28860.0,2209.8,29397.7,16060.9,6581.2,6581.2,90.0,360.0,0.762,16.00,2870.5,9558.6
4,20,measured,1791237466.646,625,0.72516,4,4,143.358,243.644,248.611,637.720,6.272,23416.7,28860.0,25627.7,28860.0,2211.1,29397.7,16060.9,6581.2,6581.2,90.0,360.0,0.762,16.00,2870.5,9558.6
4,21,measured,1791237467.288,637,0.73767,4,4,143.439,244.176,249.195,639.265,6.257,23418.0,28860.0,25627.8,28860.0,2209.8,29397.7,16060.9,6581.2,6581.2,90.0,360.0,0.762,16.00,2870.5,9558.6
4,22,measured,1791237467.929,652,0.75299,4,4,143.370,243.204,249.141,638.239,6.267,23417.4,28860.0,25627.4,28860.0,2210.0,29397.7,16060.9,6581.2,6581.2,90.0,360.0,0.762,16.00,2870.5,9558.6
4,23,measured,1791237468.571,649,0.74995,4,4,143.459,245.025,248.998,639.645,6.253,23419.2,28860.0,25628.9,28860.0,2209.8,29397.7,16060.9,6581.2,6581.2,90.0,360.0,0.762,16.00,2870.5,9558.6
4,24,measured,1791237469.212,642,0.74261,4,4,143.632,243.572,248.937,638.298,6.267,23418.7,28860.0,25628.7,28860.0,2210.0,29397.7,16060.9,6581.2,6581.2,90.0,360.0,0.762,16.00,2870.5,9558.6
4,25,measured,1791237469.854,640,0.74012,4,4,143.589,244.494,249.094,639.305,6.257,23419.2,28860.0,25629.0,28860.0,2209.8,29397.7,16060.9,6581.2,6581.2,90.0,360.0,0.762,16.00,2870.5,9558.6
4,26,measured,1791237470.501,650,0.75007,4,4,143.623,244.376,249.087,643.886,6.212,23417.7,28860.0,25628.2,28860.0,2210.5,29397.7,16060.9,6581.2,6581.2,90.0,360.0,0.762,16.00,2870.5,9558.6
4,27,measured,1791237471.146,644,0.74438,4,4,143.816,244.599,249.209,642.083,6.230,23418.6,28860.0,25628.4,28860.0,2209.8,29397.7,16060.9,6581.2,6581.2,90.0,360.0,0.762,16.00,2870.5,9558.6
4,28,measured,1791237471.790,638,0.73854,4,4,143.346,243.845,248.995,640.617,6.244,23418.5,28860.0,25628.6,28860.0,2210.0,29397.7,16060.9,6581.2,6581.2,90.0,360.0,0.762,16.00,2870.5,9558.6
4,29,measured,1791237472.433,636,0.73690,4,4,143.730,244.909,249.157,639.904,6.251,23417.3,28860.0,25627.6,28860.0,2210.3,29397.7,16060.9,6581.2,6581.2,90.0,360.0,0.762,16.00,2870.5,9558.6
4,30,measured,1791237473.075,623,0.72303,4,4,143.719,245.221,249.253,640.322,6.247,23416.7,28860.0,25626.9,28860.0,2210.2,29397.7,16060.9,6581.2,6581.2,90.0,360.0,0.762,16.00,2870.5,9558.6
4,31,measured,1791237473.717,619,0.71988,4,4,143.664,244.057,249.404,639.244,6.257,23417.1,28860.0,25626.9,28860.0,2209.8,29397.7,16060.9,6581.2,6581.2,90.0,360.0,0.762,16.00,2870.5,9558.6
4,32,measured,1791237474.360,614,0.71500,4,4,143.684,244.855,249.277,639.940,6.251,23418.2,28860.0,25628.2,28860.0,2210.0,29397.7,16060.9,6581.2,6581.2,90.0,360.0,0.762,16.00,2870.5,9558.6
4,33,measured,1791237475.004,606,0.70677,4,4,143.819,245.613,249.362,640.902,6.241,23418.7,28860.0,25628.4,28860.0,2209.8,29397.7,16060.9,6581.2,6581.2,90.0,360.0,0.762,16.00,2870.5,9558.6
4,34,measured,1791237475.648,600,0.70068,4,4,143.554,245.748,249.647,641.178,6.239,23417.5,28860.0,25627.7,28860.0,2210.2,29397.7,16060.9,6581.2,6581.2,90.0,360.0,0.762,16.00,2870.5,9558.6
4,35,measured,1791237476.291,608,0.70886,4,4,143.686,245.272,249.618,640.713,6.243,23417.4,28860.0,25628.2,28860.0,2210.8,29397.7,16060.9,6581.2,6581.2,90.0,360.0,0.762,16.00,2870.5,9558.6
4,36,measured,1791237476.935,620,0.72057,4,4,143.891,245.286,249.495,640.960,6.241,23417.6,28860.0,25627.6,28860.0,2210.0,29397.7,16060.9,6581.2,6581.2,90.0,360.0,0.762,16.00,2870.5,9558.6
4,37,measured,1791237477.578,625,0.72561,4,4,143.779,245.495,249.450,640.837,6.242,23418.2,28860.0,25628.0,28860.0,2209.8,29397.7,16060.9,6581.2,6581.2,90.0,360.0,0.762,16.00,2870.5,9558.6
4,38,measured,1791237478.221,624,0.72401,4,4,143.734,245.457,249.240,640.499,6.245,23418.5,28860.0,25628.6,28860.0,2210.0,29397.7,16060.9,6581.2,6581.2,90.0,360.0,0.762,16.00,2870.5,9558.6
4,39,measured,1791237478.864,602,0.70240,4,4,143.641,244.926,249.616,640.313,6.247,23416.2,28860.0,25627.7,28860.0,2211.5,29397.7,16060.9,6581.2,6581.2,90.0,360.0,0.762,16.00,2870.5,9558.6
4,40,measured,1791237479.507,609,0.70903,4,4,143.545,245.106,249.595,640.300,6.247,23418.2,28860.0,25628.2,28860.0,2210.0,29397.7,16060.9,6581.2,6581.2,90.0,360.0,0.762,16.00,2870.5,9558.6
4,41,measured,1791237480.150,636,0.73606,4,4,143.684,244.738,249.420,639.898,6.251,23418.3,28860.0,25628.1,28860.0,2209.8,29397.7,16060.9,6581.2,6581.2,90.0,360.0,0.762,16.00,2870.5,9558.6
4,42,measured,1791237480.793,641,0.74193,4,4,143.871,244.962,249.656,640.535,6.245,23419.0,28860.0,25629.0,28860.0,2210.0,29397.7,16060.9,6581.2,6581.2,90.0,360.0,0.762,16.00,2870.5,9558.6
4,43,measured,1791237481.436,648,0.74884,4,4,143.766,245.544,249.398,640.798,6.242,23419.4,28860.0,25629.2,28860.0,2209.8,29397.7,16060.9,6581.2,6581.2,90.0,360.0,0.762,16.00,2870.5,9558.6
4,44,measured,1791237482.079,645,0.74531,4,4,143.768,245.648,249.303,640.772,6.242,23419.1,28860.0,25629.1,28860.0,2210.0,29397.7,16060.9,6581.2,6581.2,90.0,360.0,0.762,16.00,2870.5,9558.6
4,45,measured,1791237482.724,640,0.74039,4,4,144.020,245.750,249.718,641.562,6.235,23418.4,28860.0,25628.2,28860.0,2209.8,29397.7,16060.9,6581.2,6581.2,90.0,360.0,0.762,16.00,2870.5,9558.6
4,46,measured,1791237483.367,642,0.74201,4,4,143.789,245.419,249.490,640.778,6.242,23417.7,28860.0,25627.7,28860.0,2210.0,29397.7,16060.9,6581.2,6581.2,90.0,360.0,0.762,16.00,2870.5,9558.6
4,47,measured,1791237484.011,643,0.74358,4,4,143.986,245.341,249.608,641.001,6.240,23418.9,28860.0,25628.6,28860.0,2209.8,29397.7,16060.9,6581.2,6581.2,90.0,360.0,0.762,16.00,2870.5,9558.6
4,48,measured,1791237484.669,640,0.74022,4,4,144.038,260.312,249.526,655.943,6.098,23418.8,28860.0,25628.8,28860.0,2210.0,29397.7,16060.9,6581.2,6581.2,90.0,360.0,0.762,16.00,2870.5,9558.6
4,49,measured,1791237485.326,637,0.73742,4,4,143.969,259.035,249.532,654.623,6.110,23417.8,28860.0,25627.9,28860.0,2210.2,29397.7,16060.9,6581.2,6581.2,90.0,360.0,0.762,16.00,2870.5,9558.6
4,50,measured,1791237485.984,623,0.72308,4,4,144.011,259.358,249.704,655.185,6.105,23417.9,28860.0,25627.9,28860.0,2210.0,29397.7,16060.9,6581.2,6581.2,90.0,360.0,0.762,16.00,2870.5,9558.6
4,51,measured,1791237486.642,626,0.72621,4,4,143.850,259.591,249.750,655.260,6.104,23417.9,28860.0,25628.7,28860.0,2210.8,29397.7,16060.9,6581.2,6581.2,90.0,360.0,0.762,16.00,2870.5,9558.6
4,52,measured,1791237487.286,615,0.71563,4,4,143.653,245.849,249.834,641.372,6.237,23417.7,28860.0,25628.1,28860.0,2210.4,29397.7,16060.9,6581.2,6581.2,90.0,360.0,0.762,16.00,2870.5,9558.6
4,53,measured,1791237487.930,610,0.71000,4,4,144.150,245.105,249.911,641.205,6.238,23417.8,28860.0,25627.6,28860.0,2209.8,29397.7,16060.9,6581.2,6581.2,90.0,360.0,0.762,16.00,2870.5,9558.6
4,54,measured,1791237488.573,601,0.70100,4,4,143.818,245.099,249.923,640.898,6.241,23417.6,28860.0,25627.6,28860.0,2210.0,29397.7,16060.9,6581.2,6581.2,90.0,360.0,0.762,16.00,2870.5,9558.6
4,55,measured,1791237489.217,608,0.70889,4,4,143.965,245.006,250.077,641.102,6.239,23417.8,28860.0,25627.6,28860.0,2209.8,29397.7,16060.9,6581.2,6581.2,90.0,360.0,0.762,16.00,2870.5,9558.6
4,56,measured,1791237489.861,627,0.72726,4,4,143.835,245.740,250.102,641.720,6.233,23418.5,28860.0,25628.5,28860.0,2210.0,29397.7,16060.9,6581.2,6581.2,90.0,360.0,0.762,16.00,2870.5,9558.6
4,57,measured,1791237490.506,622,0.72241,4,4,143.853,245.883,249.808,641.634,6.234,23417.6,28860.0,25627.7,28860.0,2210.1,29397.7,16060.9,6581.2,6581.2,90.0,360.0,0.762,16.00,2870.5,9558.6
4,58,measured,1791237491.150,625,0.72509,4,4,144.185,245.675,249.759,641.637,6.234,23418.8,28860.0,25628.8,28860.0,2210.0,29397.7,16060.9,6581.2,6581.2,90.0,360.0,0.762,16.00,2870.5,9558.6
4,59,measured,1791237491.795,602,0.70251,4,4,144.214,246.296,249.973,642.859,6.222,23417.7,28860.0,25627.9,28860.0,2210.2,29397.7,16060.9,6581.2,6581.2,90.0,360.0,0.762,16.00,2870.5,9558.6
4,60,measured,1791237492.440,606,0.70658,4,4,143.950,245.483,250.015,641.581,6.235,23418.7,28860.0,25628.8,28860.0,2210.0,29397.7,16060.9,6581.2,6581.2,90.0,360.0,0.762,16.00,2870.5,9558.6
4,61,measured,1791237493.085,637,0.73722,4,4,143.687,246.707,250.059,642.500,6.226,23417.3,28860.0,25628.1,28860.0,2210.8,29397.7,16060.9,6581.2,6581.2,90.0,360.0,0.762,16.00,2870.5,9558.6
4,62,measured,1791237493.729,638,0.73888,4,4,144.156,245.676,249.785,641.780,6.233,23418.6,28860.0,25629.0,28860.0,2210.4,29397.7,16060.9,6581.2,6581.2,90.0,360.0,0.762,16.00,2870.5,9558.6
4,63,measured,1791237494.373,656,0.75680,4,4,144.019,245.305,249.814,641.213,6.238,23417.1,28860.0,25628.2,28860.0,2211.1,29397.7,16060.9,6581.2,6581.2,90.0,360.0,0.762,16.00,2870.5,9558.6
4,64,measured,1791237495.018,650,0.75033,4,4,144.071,246.339,250.042,642.526,6.225,23418.7,28860.0,25628.7,28860.0,2210.0,29397.7,16060.9,6581.2,6581.2,90.0,360.0,0.762,16.00,2870.5,9558.6
4,65,measured,1791237495.663,641,0.74195,4,4,143.913,247.058,249.956,642.970,6.221,23418.8,28860.0,25628.6,28860.0,2209.8,29397.7,16060.9,6581.2,6581.2,90.0,360.0,0.762,16.00,2870.5,9558.6
4,66,measured,1791237496.314,640,0.74005,4,4,144.110,245.622,249.889,647.486,6.178,23418.5,28860.0,25628.5,28860.0,2210.0,29397.7,16060.9,6581.2,6581.2,90.0,360.0,0.762,16.00,2870.5,9558.6
4,67,measured,1791237496.961,643,0.74338,4,4,143.948,245.506,250.078,643.923,6.212,23417.7,28860.0,25627.6,28860.0,2209.9,29397.7,16060.9,6581.2,6581.2,90.0,360.0,0.762,16.00,2870.5,9558.6
4,68,measured,1791237497.609,644,0.74477,4,4,143.871,245.068,250.090,645.703,6.195,23418.8,28860.0,25628.8,28860.0,2210.0,29397.7,16060.9,6581.2,6581.2,90.0,360.0,0.762,16.00,2870.5,9558.6
4,69,measured,1791237498.253,637,0.73788,4,4,143.974,245.247,249.926,641.189,6.238,23417.8,28860.0,25627.9,28860.0,2210.1,29397.7,16060.9,6581.2,6581.2,90.0,360.0,0.762,16.00,2870.5,9558.6
4,70,measured,1791237498.897,623,0.72312,4,4,144.141,245.568,249.866,641.649,6.234,23418.1,28860.0,25628.1,28860.0,2210.0,29397.7,16060.9,6581.2,6581.2,90.0,360.0,0.762,16.00,2870.5,9558.6
4,71,measured,1791237499.543,626,0.72622,4,4,144.025,246.906,250.131,643.075,6.220,23416.6,28860.0,25627.3,28860.0,2210.7,29397.7,16060.9,6581.2,6581.2,90.0,360.0,0.762,16.00,2870.5,9558.6
4,72,measured,1791237500.188,615,0.71563,4,4,144.150,245.623,250.281,642.129,6.229,23416.9,28860.0,25627.9,28860.0,2211.0,29397.7,16060.9,6581.2,6581.2,90.0,360.0,0.762,16.00,2870.5,9558.6
4,73,measured,1791237500.831,614,0.71492,4,4,144.078,245.148,249.896,641.251,6.238,23417.9,28860.0,25627.7,28860.0,2209.8,29397.7,16060.9,6581.2,6581.2,90.0,360.0,0.762,16.00,2870.5,9558.6
4,74,measured,1791237501.476,601,0.70149,4,4,144.135,245.661,249.876,641.716,6.233,23418.7,28860.0,25628.1,28860.0,2209.4,29397.7,16060.9,6581.2,6581.2,90.0,360.0,0.762,16.00,2870.5,9558.6
4,75,measured,1791237502.121,608,0.70894,4,4,143.824,246.706,250.184,642.856,6.222,23417.9,28860.0,25628.5,28860.0,2210.5,29397.7,16060.9,6581.2,6581.2,90.0,360.0,0.762,16.00,2870.5,9558.6
4,76,measured,1791237502.767,622,0.72269,4,4,144.290,246.139,250.247,642.711,6.224,23417.3,28860.0,25627.1,28860.0,2209.8,29397.7,16060.9,6581.2,6581.2,90.0,360.0,0.762,16.00,2870.5,9558.6
4,77,measured,1791237503.411,621,0.72196,4,4,144.155,245.425,250.004,641.641,6.234,23417.2,28860.0,25627.2,28860.0,2210.0,29397.7,16060.9,6581.2,6581.2,90.0,360.0,0.762,16.00,2870.5,9558.6
4,78,measured,1791237504.056,625,0.72505,4,4,144.225,245.465,250.203,641.977,6.231,23418.6,28860.0,25628.4,28860.0,2209.8,29397.7,16060.9,6581.2,6581.2,90.0,360.0,0.762,16.00,2870.5,9558.6
4,79,measured,1791237504.702,602,0.70250,4,4,143.964,246.988,250.358,643.352,6.217,23417.4,28860.0,25628.4,28860.0,2211.0,29397.7,16060.9,6581.2,6581.2,90.0,360.0,0.762,16.00,2870.5,9558.6
4,80,measured,1791237505.347,600,0.70025,4,4,144.043,246.229,250.326,642.649,6.224,23417.6,28860.0,25627.6,28860.0,2210.0,29397.7,16060.9,6581.2,6581.2,90.0,360.0,0.762,16.00,2870.5,9558.6
4,81,measured,1791237505.993,637,0.73729,4,4,144.129,246.236,250.552,643.067,6.220,23417.5,28860.0,25627.9,28860.0,2210.4,29397.7,16060.9,6581.2,6581.2,90.0,360.0,0.762,16.00,2870.5,9558.6
4,82,measured,1791237506.637,638,0.73889,4,4,144.097,245.494,250.273,641.986,6.231,23417.6,28860.0,25627.4,28860.0,2209.8,29397.7,16060.9,6581.2,6581.2,90.0,360.0,0.762,16.00,2870.5,9558.6
4,83,measured,1791237507.283,655,0.75522,4,4,144.079,246.886,250.061,643.333,6.218,23417.3,28860.0,25628.4,28860.0,2211.0,29397.7,16060.9,6581.2,6581.2,90.0,360.0,0.762,16.00,2870.5,9558.6
4,84,measured,1791237507.929,650,0.75017,4,4,144.463,246.011,250.126,642.808,6.223,23418.9,28860.0,25628.7,28860.0,2209.8,29397.7,16060.9,6581.2,6581.2,90.0,360.0,0.762,16.00,2870.5,9558.6
4,85,measured,1791237508.575,641,0.74193,4,4,144.126,246.597,250.398,643.163,6.219,23419.3,28860.0,25628.7,28860.0,2209.4,29397.7,16060.9,6581.2,6581.2,90.0,360.0,0.762,16.00,2870.5,9558.6
4,86,measured,1791237509.219,640,0.74005,4,4,143.859,245.458,250.177,641.568,6.235,23418.5,28860.0,25629.0,28860.0,2210.5,29397.7,16060.9,6581.2,6581.2,90.0,360.0,0.762,16.00,2870.5,9558.6
4,87,measured,1791237509.863,652,0.75287,4,4,144.304,245.313,250.114,641.846,6.232,23417.9,28860.0,25628.6,28860.0,2210.8,29397.7,16060.9,6581.2,6581.2,90.0,360.0,0.762,16.00,2870.5,9558.6
4,88,measured,1791237510.509,644,0.74466,4,4,144.211,246.048,250.504,643.104,6.220,23415.7,28860.0,25628.0,28860.0,2212.3,29397.7,16060.9,6581.2,6581.2,90.0,360.0,0.762,16.00,2870.5,9558.6
4,89,measured,1791237511.162,637,0.73786,4,4,144.517,246.713,250.342,649.084,6.163,23416.4,28860.0,25627.2,28860.0,2210.8,29397.7,16060.9,6581.2,6581.2,90.0,360.0,0.762,16.00,2870.5,9558.6
4,90,measured,1791237511.812,636,0.73683,4,4,144.356,247.059,250.234,646.023,6.192,23416.6,28860.0,25627.6,28860.0,2211.0,29397.7,16060.9,6581.2,6581.2,90.0,360.0,0.762,16.00,2870.5,9558.6
4,91,measured,1791237512.461,623,0.72302,4,4,144.037,246.505,250.157,645.114,6.200,23417.6,28860.0,25628.4,28860.0,2210.8,29397.7,16060.9,6581.2,6581.2,90.0,360.0,0.762,16.00,2870.5,9558.6
4,92,measured,1791237513.107,615,0.71531,4,4,144.327,246.844,250.190,643.569,6.215,23417.5,28860.0,25628.6,28860.0,2211.0,29397.7,16060.9,6581.2,6581.2,90.0,360.0,0.762,16.00,2870.5,9558.6
4,93,measured,1791237513.767,614,0.71489,4,4,144.112,261.665,249.993,657.897,6.080,23417.6,28860.0,25628.4,28860.0,2210.8,29397.7,16060.9,6581.2,6581.2,90.0,360.0,0.762,16.00,2870.5,9558.6
4,94,measured,1791237514.429,601,0.70149,4,4,144.346,261.468,250.438,658.530,6.074,23417.5,28860.0,25627.8,28860.0,2210.2,29397.7,16060.9,6581.2,6581.2,90.0,360.0,0.762,16.00,2870.5,9558.6
4,95,measured,1791237515.089,607,0.70753,4,4,144.179,261.207,250.172,657.773,6.081,23416.2,28860.0,25627.0,28860.0,2210.8,29397.7,16060.9,6581.2,6581.2,90.0,360.0,0.762,16.00,2870.5,9558.6
4,96,measured,1791237515.750,611,0.71130,4,4,144.097,261.045,250.289,657.649,6.082,23417.1,28860.0,25628.1,28860.0,2211.0,29397.7,16060.9,6581.2,6581.2,90.0,360.0,0.762,16.00,2870.5,9558.6
4,97,measured,1791237516.398,620,0.72082,4,4,144.286,248.001,250.520,645.240,6.199,23417.4,28860.0,25628.2,28860.0,2210.8,29397.7,16060.9,6581.2,6581.2,90.0,360.0,0.762,16.00,2870.5,9558.6
4,98,measured,1791237517.049,635,0.73583,4,4,144.393,246.955,250.361,648.522,6.168,23416.0,28860.0,25627.5,28860.0,2211.4,29397.7,16060.9,6581.2,6581.2,90.0,360.0,0.762,16.00,2870.5,9558.6
4,99,measured,1791237517.699,619,0.71976,4,4,144.166,247.454,250.298,646.391,6.188,23417.7,28860.0,25628.7,28860.0,2211.0,29397.7,16060.9,6581.2,6581.2,90.0,360.0,0.762,16.00,2870.5,9558.6
4,100,measured,1791237518.349,601,0.70198,4,4,144.185,246.411,250.296,645.603,6.196,23417.2,28860.0,25627.2,28860.0,2210.0,29397.7,16060.9,6581.2,6581.2,90.0,360.0,0.762,16.00,2870.5,9558.6
4,101,measured,1791237518.997,625,0.72516,4,4,144.233,248.178,250.359,645.360,6.198,23417.4,28860.0,25627.1,28860.0,2209.8,29397.7,16060.9,6581.2,6581.2,90.0,360.0,0.762,16.00,2870.5,9558.6
4,102,measured,1791237519.643,637,0.73767,4,4,144.400,246.360,250.274,643.258,6.218,23417.3,28860.0,25627.3,28860.0,2210.0,29397.7,16060.9,6581.2,6581.2,90.0,360.0,0.762,16.00,2870.5,9558.6
4,103,measured,1791237520.293,652,0.75299,4,4,144.041,246.169,250.288,647.445,6.178,23417.1,28860.0,25626.9,28860.0,2209.8,29397.7,16060.9,6581.2,6581.2,90.0,360.0,0.762,16.00,2870.5,9558.6
4,104,measured,1791237520.943,649,0.74995,4,4,144.215,245.605,250.072,646.725,6.185,23416.3,28860.0,25626.3,28860.0,2210.0,29397.7,16060.9,6581.2,6581.2,90.0,360.0,0.762,16.00,2870.5,9558.6
4,105,measured,1791237521.591,642,0.74261,4,4,144.097,246.907,250.307,645.670,6.195,23416.3,28860.0,25627.1,28860.0,2210.8,29397.7,16060.9,6581.2,6581.2,90.0,360.0,0.762,16.00,2870.5,9558.6
4,106,measured,1791237522.238,640,0.74012,4,4,144.129,246.950,250.460,643.660,6.214,23416.1,28860.0,25627.1,28860.0,2211.0,29397.7,16060.9,6581.2,6581.2,90.0,360.0,0.762,16.00,2870.5,9558.6
4,107,measured,1791237522.884,650,0.75007,4,4,144.278,246.406,250.379,643.280,6.218,23416.2,28860.0,25627.0,28860.0,2210.8,29397.7,16060.9,6581.2,6581.2,90.0,360.0,0.762,16.00,2870.5,9558.6
4,108,measured,1791237523.530,644,0.74438,4,4,144.295,246.885,250.383,643.689,6.214,23416.5,28860.0,25627.5,28860.0,2211.0,29397.7,16060.9,6581.2,6581.2,90.0,360.0,0.762,16.00,2870.5,9558.6
4,109,measured,1791237524.175,638,0.73854,4,4,143.916,245.653,250.286,641.910,6.231,23417.4,28860.0,25628.2,28860.0,2210.8,29397.7,16060.9,6581.2,6581.2,90.0,360.0,0.762,16.00,2870.5,9558.6
