source,run,clip,video,seed,k,window,no_sink_mean16,no_sink_max_after4,no_eph_m0,no_eph_first35,no_eph_mean16,no_eph_last16,gap16,D,E,refresh_before_M
sweep,bird_s0_k2,bird,bird,0,2,80,18.45,19.92,15.54,36,29.63,28.91,11.18,True,False,[20]
sweep,bird_s1_k2,bird,bird,1,2,80,18.50,19.73,15.91,,30.47,29.45,11.97,True,False,[20]
sweep,bird_s2_k2,bird,bird,2,2,80,18.48,19.81,15.81,57,33.08,36.62,14.61,True,True,[20]
sweep,boxing_s0_k2,boxing,boxing,0,2,80,22.58,24.71,20.88,9,36.56,37.15,13.98,True,True,[]
sweep,boxing_s1_k2,boxing,boxing,1,2,80,22.85,24.82,20.93,7,45.12,45.65,22.27,True,True,[]
sweep,boxing_s2_k2,boxing,boxing,2,2,80,22.76,24.47,20.68,10,36.86,38.37,14.10,True,True,[]
sweep,original_s0_k2,original,original,0,2,80,20.33,21.49,19.25,8,46.12,47.00,25.78,True,True,[]
sweep,original_s1_k2,original,original,1,2,80,20.53,21.81,19.24,8,45.84,46.93,25.30,True,True,[]
sweep,original_s2_k2,original,original,2,2,80,20.68,22.15,19.62,8,42.23,43.22,21.55,True,True,[]
sweep,train_s0_k2,train,train,0,2,80,17.47,18.62,15.98,10,37.20,35.17,19.73,True,True,"[20, 22]"
sweep,train_s1_k2,train,train,1,2,80,17.07,18.10,16.55,23,34.44,35.08,17.37,True,True,"[20, 22]"
sweep,train_s2_k2,train,train,2,2,80,17.99,19.37,15.98,12,34.02,33.91,16.04,True,False,"[20, 22]"
grid,bird_s0_k1,bird,bird,0,1,40,22.32,23.82,17.68,7,46.46,46.53,24.15,True,True,[]
grid,bird_s0_k2,bird,bird,0,2,40,18.28,19.92,15.54,36,30.43,30.58,12.15,True,False,[20]
grid,bird_s0_k4,bird,bird,0,4,40,15.50,17.36,14.93,,23.77,24.04,8.28,True,False,"[5, 21]"
grid,boxing_s0_k1,boxing,boxing,0,1,40,26.72,29.05,18.53,4,43.17,43.54,16.45,True,True,[]
grid,boxing_s0_k2,boxing,boxing,0,2,40,22.73,24.71,20.88,9,35.61,36.36,12.88,True,True,[]
grid,boxing_s0_k4,boxing,boxing,0,4,40,20.35,21.99,20.82,12,42.50,42.65,22.15,True,True,"[14, 20]"
grid,original_s0_k1,original,original,0,1,40,23.63,25.84,16.75,6,49.03,49.04,25.40,True,True,[]
grid,original_s0_k2,original,original,0,2,40,20.34,21.49,19.25,8,45.76,45.35,25.41,True,True,[]
grid,original_s0_k4,original,original,0,4,40,17.86,19.46,19.48,12,45.06,45.07,27.19,True,True,[]
grid,original_s1_k2,original,original,1,2,40,20.52,21.54,19.24,8,45.25,44.87,24.73,True,True,[]
